Variable,Label,Question,Question Text,Type,Response Type,Codes,Value Labels,Page,Section,Derived,Hidden,Row,Column,Option,Notes
CONSENT,Do you agree to participate in this research study?,Q1,Do you agree to participate in this research study?,numeric,single_select,"1,2","1=Yes, I agree; 2=No, I do not agree",p_intro_welcome,,,,,,,
PARTICIPATION_OK,Please confirm that you are completing this survey yourself and will answer honestly.,Q2,Please confirm that you are completing this survey yourself and will answer honestly.,numeric,single_select,"1,2",1=I confirm; 2=I cannot confirm,p_intro_welcome,,,,,,,
AGE,How old are you?,Q3,How old are you?,numeric,numeric,,,p_intro_about,,,,,,,
COUNTRY,Which country do you live in?,Q4,Which country do you live in?,numeric,dropdown,"1,2,3,4,5,6,7,8,9,10,11,12,13,14,99",1=United States; 2=United Kingdom; 3=Germany; 4=France; 5=Spain; 6=Italy; 7=Netherlands; 8=Canada; 9=Australia; 10=India; 11=Japan; 12=Brazil; 13=Mexico; 14=South Africa; 99=Other country,p_intro_about,,,,,,,
COUNTRY_other,Q4 — Other (specify),Q4,Which country do you live in?,text,dropdown,,,p_intro_about,,,,,,,
REGION,Which region do you live in?,Q5,Which region do you live in?,numeric,dropdown,"us_ne,us_mw,us_s,us_w,uk_eng,uk_sco,uk_wal,uk_ni,de_n,de_s,de_e,de_w,ca_e,ca_w",us_ne=Northeast; us_mw=Midwest; us_s=South; us_w=West; uk_eng=England; uk_sco=Scotland; uk_wal=Wales; uk_ni=Northern Ireland; de_n=Northern Germany; de_s=Southern Germany; de_e=Eastern Germany; de_w=Western Germany; ca_e=Eastern Canada; ca_w=Western Canada,p_intro_about,,,,,,,
CITY,Which city or town do you live in?,Q6,Which city or town do you live in?,text,open_text,,,p_intro_about,,,,,,,
EMAIL,What is your email address?,Q7,What is your email address?,text,open_text,,,p_intro_contact,,,,,,,
CONTACT_OK,May we contact you about follow-up studies?,Q8,May we contact you about follow-up studies?,numeric,single_select,"1,2",1=Yes; 2=No,p_intro_contact,,,,,,,
PHONE,What phone number may we reach you on?,Q9,What phone number may we reach you on?,text,open_text,,,p_intro_contact,,,,,,,
EMPLOYMENT,Which of these best describes your current employment status?,Q10,Which of these best describes your current employment status?,numeric,single_select,"1,2,3,4,5,6,99",1=Employed full-time; 2=Employed part-time; 3=Self-employed / freelance; 4=Student; 5=Retired; 6=Unemployed / looking for work; 99=Other,p_demo_core,,,,,,,
EMPLOYMENT_other,Q10 — Other (specify),Q10,Which of these best describes your current employment status?,text,single_select,,,p_demo_core,,,,,,,
DEVICES_1,Q11 — Smartphone,Q11,Which of the following devices do you personally own or use at least weekly?,numeric,multi_select,"0,1",0=Not selected; 1=Selected,p_screen_1,,,,,,1,
DEVICES_2,Q11 — Laptop,Q11,Which of the following devices do you personally own or use at least weekly?,numeric,multi_select,"0,1",0=Not selected; 1=Selected,p_screen_1,,,,,,2,
DEVICES_3,Q11 — Desktop computer,Q11,Which of the following devices do you personally own or use at least weekly?,numeric,multi_select,"0,1",0=Not selected; 1=Selected,p_screen_1,,,,,,3,
DEVICES_4,Q11 — Tablet,Q11,Which of the following devices do you personally own or use at least weekly?,numeric,multi_select,"0,1",0=Not selected; 1=Selected,p_screen_1,,,,,,4,
DEVICES_5,Q11 — Smartwatch / fitness tracker,Q11,Which of the following devices do you personally own or use at least weekly?,numeric,multi_select,"0,1",0=Not selected; 1=Selected,p_screen_1,,,,,,5,
DEVICES_6,Q11 — Smart speaker,Q11,Which of the following devices do you personally own or use at least weekly?,numeric,multi_select,"0,1",0=Not selected; 1=Selected,p_screen_1,,,,,,6,
DEVICES_7,Q11 — Smart TV,Q11,Which of the following devices do you personally own or use at least weekly?,numeric,multi_select,"0,1",0=Not selected; 1=Selected,p_screen_1,,,,,,7,
DEVICES_8,Q11 — Games console,Q11,Which of the following devices do you personally own or use at least weekly?,numeric,multi_select,"0,1",0=Not selected; 1=Selected,p_screen_1,,,,,,8,
DEVICES_9,Q11 — E-reader,Q11,Which of the following devices do you personally own or use at least weekly?,numeric,multi_select,"0,1",0=Not selected; 1=Selected,p_screen_1,,,,,,9,
DEVICES_10,Q11 — VR / AR headset,Q11,Which of the following devices do you personally own or use at least weekly?,numeric,multi_select,"0,1",0=Not selected; 1=Selected,p_screen_1,,,,,,10,
DEVICES_11,Q11 — Home security camera,Q11,Which of the following devices do you personally own or use at least weekly?,numeric,multi_select,"0,1",0=Not selected; 1=Selected,p_screen_1,,,,,,11,
DEVICES_12,Q11 — Connected car,Q11,Which of the following devices do you personally own or use at least weekly?,numeric,multi_select,"0,1",0=Not selected; 1=Selected,p_screen_1,,,,,,12,
DEVICES_98,Q11 — None of these,Q11,Which of the following devices do you personally own or use at least weekly?,numeric,multi_select,"0,1",0=Not selected; 1=Selected,p_screen_1,,,,,,98,
PURCHASE_ROLE,"When technology is bought in your household, what is your role?",Q12,"When technology is bought in your household, what is your role?",numeric,single_select,"1,2,3",1=I make the decision alone; 2=I share the decision; 3=Someone else decides — I have no say,p_screen_1,,,,,,,
USE_TYPE,"Do you use these devices mainly for personal purposes, for work, or both?",Q13,"Do you use these devices mainly for personal purposes, for work, or both?",numeric,single_select,"1,2,3",1=Personal use only; 2=Work / business use only; 3=Both personal and work,p_screen_2,,,,,,,
ATTENTION_CHECK,This is an attention check. Please select “Agree” to continue.,Q14,This is an attention check. Please select “Agree” to continue.,numeric,single_select,"1,2,3,4,5",1=Strongly disagree; 2=Disagree; 3=Neither agree nor disagree; 4=Agree; 5=Strongly agree,p_screen_2,,,,,,,
ATTENTION_CHECK_PASSED,Q14 — attention check passed,Q14,This is an attention check. Please select “Agree” to continue.,numeric,single_select,"0,1",0=Failed; 1=Passed,p_screen_2,,Y,,,,,
GENDER,How do you describe your gender?,Q15,How do you describe your gender?,numeric,single_select,"1,2,3,99",1=Male; 2=Female; 3=Non-binary; 99=Prefer not to say,p_demo_core,,,,,,,
HH_SIZE,"Including yourself, how many people live in your household?",Q16,"Including yourself, how many people live in your household?",numeric,numeric,,,p_demo_household,,,,,,,
HH_CHILDREN,How many of them are children under 18?,Q17,How many of them are children under 18?,numeric,numeric,,,p_demo_household,,,,,,,
INCOME,What is your total annual household income before tax?,Q18,What is your total annual household income before tax?,numeric,dropdown,"1,2,3,4,5,6,7,8,98,99","1=Under $25,000; 2=$25,000 – $49,999; 3=$50,000 – $74,999; 4=$75,000 – $99,999; 5=$100,000 – $149,999; 6=$150,000 – $199,999; 7=$200,000 – $299,999; 8=$300,000 or more; 98=Don't know; 99=Prefer not to say",p_demo_core,,,,,,,
EDUCATION,What is the highest level of education you have completed?,Q19,What is the highest level of education you have completed?,numeric,single_select,"1,2,3,4,5,6,7,99",1=Some high school; 2=High school diploma; 3=Some college / vocational; 4=Associate degree; 5=Bachelor's degree; 6=Master's degree; 7=Doctorate / professional degree; 99=Prefer not to say,p_demo_core,,,,,,,
INDUSTRY,Which industry do you work in?,Q20,Which industry do you work in?,numeric,dropdown,"1,2,3,4,5,6,7,8,9,10,11,12,13,14,99",1=Technology / software; 2=Financial services; 3=Healthcare; 4=Education; 5=Retail; 6=Manufacturing; 7=Government / public sector; 8=Media / entertainment; 9=Professional services; 10=Construction; 11=Transport / logistics; 12=Hospitality; 13=Energy / utilities; 14=Agriculture; 99=Other,p_demo_work,,,,,,,
INDUSTRY_other,Q20 — Other (specify),Q20,Which industry do you work in?,text,dropdown,,,p_demo_work,,,,,,,
JOB_LEVEL,Which best describes your level in your organisation?,Q21,Which best describes your level in your organisation?,numeric,single_select,"1,2,3,4,5,6,7",1=Owner / C-level; 2=Senior management; 3=Middle management; 4=Team lead / supervisor; 5=Professional / specialist; 6=Administrative / support; 7=Entry level,p_demo_work,,,,,,,
COMPANY_SIZE,Roughly how many people work at your organisation?,Q22,Roughly how many people work at your organisation?,numeric,single_select,"1,2,3,4,5,6,7","1=Just me; 2=2–9; 3=10–49; 4=50–249; 5=250–999; 6=1,000–4,999; 7=5,000 or more",p_demo_work,,,,,,,
LAST_PURCHASE_DATE,When did you buy your most recent technology device?,Q23,When did you buy your most recent technology device?,date,date,,,p_demo_dates,,,,,,,
WARRANTY_END,When does its warranty end (your best estimate)?,Q24,When does its warranty end (your best estimate)?,date,date,,,p_demo_dates,,,,,,,
SHOP_TIME,At what time of day do you usually shop online?,Q25,At what time of day do you usually shop online?,time,time,,,p_demo_dates,,,,,,,
FIN_PRODUCTS_1,Q26 — Current / checking account,Q26,Which of these financial products or services do you currently use?,numeric,multi_select,"0,1",0=Not selected; 1=Selected,p_demo_household,,,,,,1,
FIN_PRODUCTS_2,Q26 — Savings account,Q26,Which of these financial products or services do you currently use?,numeric,multi_select,"0,1",0=Not selected; 1=Selected,p_demo_household,,,,,,2,
FIN_PRODUCTS_3,Q26 — Credit card,Q26,Which of these financial products or services do you currently use?,numeric,multi_select,"0,1",0=Not selected; 1=Selected,p_demo_household,,,,,,3,
FIN_PRODUCTS_4,Q26 — Debit card,Q26,Which of these financial products or services do you currently use?,numeric,multi_select,"0,1",0=Not selected; 1=Selected,p_demo_household,,,,,,4,
FIN_PRODUCTS_5,Q26 — Buy-now-pay-later,Q26,Which of these financial products or services do you currently use?,numeric,multi_select,"0,1",0=Not selected; 1=Selected,p_demo_household,,,,,,5,
FIN_PRODUCTS_6,"Q26 — Mobile wallet (Apple Pay, Google Pay…)",Q26,Which of these financial products or services do you currently use?,numeric,multi_select,"0,1",0=Not selected; 1=Selected,p_demo_household,,,,,,6,
FIN_PRODUCTS_7,Q26 — Peer-to-peer payments,Q26,Which of these financial products or services do you currently use?,numeric,multi_select,"0,1",0=Not selected; 1=Selected,p_demo_household,,,,,,7,
FIN_PRODUCTS_8,Q26 — Digital-only bank,Q26,Which of these financial products or services do you currently use?,numeric,multi_select,"0,1",0=Not selected; 1=Selected,p_demo_household,,,,,,8,
FIN_PRODUCTS_9,Q26 — Investment / brokerage app,Q26,Which of these financial products or services do you currently use?,numeric,multi_select,"0,1",0=Not selected; 1=Selected,p_demo_household,,,,,,9,
FIN_PRODUCTS_10,Q26 — Cryptocurrency exchange,Q26,Which of these financial products or services do you currently use?,numeric,multi_select,"0,1",0=Not selected; 1=Selected,p_demo_household,,,,,,10,
FIN_PRODUCTS_11,Q26 — Personal loan,Q26,Which of these financial products or services do you currently use?,numeric,multi_select,"0,1",0=Not selected; 1=Selected,p_demo_household,,,,,,11,
FIN_PRODUCTS_12,Q26 — Mortgage,Q26,Which of these financial products or services do you currently use?,numeric,multi_select,"0,1",0=Not selected; 1=Selected,p_demo_household,,,,,,12,
FIN_PRODUCTS_13,Q26 — Insurance app,Q26,Which of these financial products or services do you currently use?,numeric,multi_select,"0,1",0=Not selected; 1=Selected,p_demo_household,,,,,,13,
FIN_PRODUCTS_98,Q26 — None of these,Q26,Which of these financial products or services do you currently use?,numeric,multi_select,"0,1",0=Not selected; 1=Selected,p_demo_household,,,,,,98,
AGE_GROUP,Derived age group,H1,Derived age group,numeric,calculated,,,p_demo_core,,Y,Y,,,,
ELIGIBLE_FLAG,Hidden eligibility flag,H2,Hidden eligibility flag,numeric,calculated,,,p_demo_core,,Y,Y,,,,
HOURS_ONLINE,"On a typical day, how many hours do you spend online (excluding work)?",Q27,"On a typical day, how many hours do you spend online (excluding work)?",numeric,slider,,,p_tech_usage,,,,,,,
ACTIVITY_a1,Q28 — Stream video,Q28,How often do you do each of the following?,numeric,matrix_single,"1,2,3,4,5,6",1=Daily; 2=Several times a week; 3=Weekly; 4=Monthly; 5=Less often; 6=Never,p_tech_usage,,,,a1,,,
ACTIVITY_a2,Q28 — Stream music,Q28,How often do you do each of the following?,numeric,matrix_single,"1,2,3,4,5,6",1=Daily; 2=Several times a week; 3=Weekly; 4=Monthly; 5=Less often; 6=Never,p_tech_usage,,,,a2,,,
ACTIVITY_a3,Q28 — Online shopping,Q28,How often do you do each of the following?,numeric,matrix_single,"1,2,3,4,5,6",1=Daily; 2=Several times a week; 3=Weekly; 4=Monthly; 5=Less often; 6=Never,p_tech_usage,,,,a3,,,
ACTIVITY_a4,Q28 — Mobile banking,Q28,How often do you do each of the following?,numeric,matrix_single,"1,2,3,4,5,6",1=Daily; 2=Several times a week; 3=Weekly; 4=Monthly; 5=Less often; 6=Never,p_tech_usage,,,,a4,,,
ACTIVITY_a5,Q28 — Video calls,Q28,How often do you do each of the following?,numeric,matrix_single,"1,2,3,4,5,6",1=Daily; 2=Several times a week; 3=Weekly; 4=Monthly; 5=Less often; 6=Never,p_tech_usage,,,,a5,,,
ACTIVITY_a6,Q28 — Gaming,Q28,How often do you do each of the following?,numeric,matrix_single,"1,2,3,4,5,6",1=Daily; 2=Several times a week; 3=Weekly; 4=Monthly; 5=Less often; 6=Never,p_tech_usage,,,,a6,,,
ACTIVITY_a7,Q28 — Social media,Q28,How often do you do each of the following?,numeric,matrix_single,"1,2,3,4,5,6",1=Daily; 2=Several times a week; 3=Weekly; 4=Monthly; 5=Less often; 6=Never,p_tech_usage,,,,a7,,,
ACTIVITY_a8,Q28 — Smart-home control,Q28,How often do you do each of the following?,numeric,matrix_single,"1,2,3,4,5,6",1=Daily; 2=Several times a week; 3=Weekly; 4=Monthly; 5=Less often; 6=Never,p_tech_usage,,,,a8,,,
APPS_1,Q29 — Banking,Q29,Which of these app categories have you used in the past month?,numeric,multi_dropdown,"0,1",0=Not selected; 1=Selected,p_tech_usage,,,,,,1,
APPS_2,Q29 — Payments,Q29,Which of these app categories have you used in the past month?,numeric,multi_dropdown,"0,1",0=Not selected; 1=Selected,p_tech_usage,,,,,,2,
APPS_3,Q29 — Shopping,Q29,Which of these app categories have you used in the past month?,numeric,multi_dropdown,"0,1",0=Not selected; 1=Selected,p_tech_usage,,,,,,3,
APPS_4,Q29 — Food delivery,Q29,Which of these app categories have you used in the past month?,numeric,multi_dropdown,"0,1",0=Not selected; 1=Selected,p_tech_usage,,,,,,4,
APPS_5,Q29 — Ride hailing,Q29,Which of these app categories have you used in the past month?,numeric,multi_dropdown,"0,1",0=Not selected; 1=Selected,p_tech_usage,,,,,,5,
APPS_6,Q29 — Fitness,Q29,Which of these app categories have you used in the past month?,numeric,multi_dropdown,"0,1",0=Not selected; 1=Selected,p_tech_usage,,,,,,6,
APPS_7,Q29 — Meditation,Q29,Which of these app categories have you used in the past month?,numeric,multi_dropdown,"0,1",0=Not selected; 1=Selected,p_tech_usage,,,,,,7,
APPS_8,Q29 — Streaming video,Q29,Which of these app categories have you used in the past month?,numeric,multi_dropdown,"0,1",0=Not selected; 1=Selected,p_tech_usage,,,,,,8,
APPS_9,Q29 — Music,Q29,Which of these app categories have you used in the past month?,numeric,multi_dropdown,"0,1",0=Not selected; 1=Selected,p_tech_usage,,,,,,9,
APPS_10,Q29 — Podcasts,Q29,Which of these app categories have you used in the past month?,numeric,multi_dropdown,"0,1",0=Not selected; 1=Selected,p_tech_usage,,,,,,10,
APPS_11,Q29 — News,Q29,Which of these app categories have you used in the past month?,numeric,multi_dropdown,"0,1",0=Not selected; 1=Selected,p_tech_usage,,,,,,11,
APPS_12,Q29 — Dating,Q29,Which of these app categories have you used in the past month?,numeric,multi_dropdown,"0,1",0=Not selected; 1=Selected,p_tech_usage,,,,,,12,
APPS_13,Q29 — Travel,Q29,Which of these app categories have you used in the past month?,numeric,multi_dropdown,"0,1",0=Not selected; 1=Selected,p_tech_usage,,,,,,13,
APPS_14,Q29 — Productivity,Q29,Which of these app categories have you used in the past month?,numeric,multi_dropdown,"0,1",0=Not selected; 1=Selected,p_tech_usage,,,,,,14,
APPS_15,Q29 — Cloud storage,Q29,Which of these app categories have you used in the past month?,numeric,multi_dropdown,"0,1",0=Not selected; 1=Selected,p_tech_usage,,,,,,15,
FORM_FACTOR,Which phone form factor appeals to you most?,Q30,Which phone form factor appeals to you most?,numeric,image_select,"slab,fold,flip,compact",slab=Classic slab; fold=Foldable; flip=Flip; compact=Compact,p_tech_usage,,,,,,,
PRIORITY_RANK_1,Q31 — rank of Price,Q31,Rank your top 3 priorities when choosing a new device.,numeric,ranking,,,p_tech_priorities,,,,,,1,
PRIORITY_RANK_2,Q31 — rank of Battery life,Q31,Rank your top 3 priorities when choosing a new device.,numeric,ranking,,,p_tech_priorities,,,,,,2,
PRIORITY_RANK_3,Q31 — rank of Camera,Q31,Rank your top 3 priorities when choosing a new device.,numeric,ranking,,,p_tech_priorities,,,,,,3,
PRIORITY_RANK_4,Q31 — rank of Performance,Q31,Rank your top 3 priorities when choosing a new device.,numeric,ranking,,,p_tech_priorities,,,,,,4,
PRIORITY_RANK_5,Q31 — rank of Design,Q31,Rank your top 3 priorities when choosing a new device.,numeric,ranking,,,p_tech_priorities,,,,,,5,
PRIORITY_RANK_6,Q31 — rank of Brand,Q31,Rank your top 3 priorities when choosing a new device.,numeric,ranking,,,p_tech_priorities,,,,,,6,
PRIORITY_RANK_7,Q31 — rank of Sustainability,Q31,Rank your top 3 priorities when choosing a new device.,numeric,ranking,,,p_tech_priorities,,,,,,7,
PRIORITY_RANK_8,Q31 — rank of Privacy,Q31,Rank your top 3 priorities when choosing a new device.,numeric,ranking,,,p_tech_priorities,,,,,,8,
NPS_DEVICE,How likely are you to recommend your main device to a friend or colleague?,Q32,How likely are you to recommend your main device to a friend or colleague?,numeric,nps,,,p_tech_priorities,,,,,,,
MONTHLY_SPEND,"Roughly how much do you spend per month on technology (devices, apps, subscriptions)?",Q33,"Roughly how much do you spend per month on technology (devices, apps, subscriptions)?",numeric,numeric,,,p_tech_spend,,,,,,,
SUB_SPEND,"Of that, how much goes on subscriptions (streaming, cloud, software)?",Q34,"Of that, how much goes on subscriptions (streaming, cloud, software)?",numeric,numeric,,,p_tech_spend,,,,,,,
HW_SPEND,And how much goes on hardware (averaged per month)?,Q35,And how much goes on hardware (averaged per month)?,numeric,numeric,,,p_tech_spend,,,,,,,
SPEND_SPLIT_1,Q36 — Devices (%),Q36,What percentage of your technology spend goes to each category? (must total 100%),numeric,allocation,,,p_tech_spend,,,,,,1,
SPEND_SPLIT_2,Q36 — Apps & software (%),Q36,What percentage of your technology spend goes to each category? (must total 100%),numeric,allocation,,,p_tech_spend,,,,,,2,
SPEND_SPLIT_3,Q36 — Streaming & media (%),Q36,What percentage of your technology spend goes to each category? (must total 100%),numeric,allocation,,,p_tech_spend,,,,,,3,
SPEND_SPLIT_4,Q36 — Cloud & storage (%),Q36,What percentage of your technology spend goes to each category? (must total 100%),numeric,allocation,,,p_tech_spend,,,,,,4,
SPEND_SPLIT_5,Q36 — Accessories (%),Q36,What percentage of your technology spend goes to each category? (must total 100%),numeric,allocation,,,p_tech_spend,,,,,,5,
SPEND_SPLIT_total,Q36 — total,Q36,What percentage of your technology spend goes to each category? (must total 100%),numeric,allocation,,,p_tech_spend,,Y,,,,,
PCT_ONLINE,What percentage of your technology purchases do you make online?,Q37,What percentage of your technology purchases do you make online?,numeric,numeric,,,p_tech_spend,,,,,,,
SPEND_12M_phone,Q38 — Phones,Q38,"Over the past 12 months, roughly how much did you spend on each of the following?",numeric,numeric_list,,,p_tech_spend_12m,,,,phone,,,
SPEND_12M_computer,Q38 — Laptops / computers,Q38,"Over the past 12 months, roughly how much did you spend on each of the following?",numeric,numeric_list,,,p_tech_spend_12m,,,,computer,,,
SPEND_12M_wearable,Q38 — Wearables,Q38,"Over the past 12 months, roughly how much did you spend on each of the following?",numeric,numeric_list,,,p_tech_spend_12m,,,,wearable,,,
SPEND_12M_accessory,Q38 — Accessories,Q38,"Over the past 12 months, roughly how much did you spend on each of the following?",numeric,numeric_list,,,p_tech_spend_12m,,,,accessory,,,
BUDGET_NEXT,What is your total technology budget for the next 12 months?,Q39,What is your total technology budget for the next 12 months?,numeric,numeric,,,p_tech_spend_12m,,,,,,,
WATCH_SAT,How satisfied are you with your smartwatch or fitness tracker?,Q40,How satisfied are you with your smartwatch or fitness tracker?,numeric,single_select,"1,2,3,4,5",1=Very dissatisfied; 2=Dissatisfied; 3=Neutral; 4=Satisfied; 5=Very satisfied,p_tech_sat,,,,,,,
SMARTHOME_SAT,How satisfied are you with your smart-home setup overall?,Q41,How satisfied are you with your smart-home setup overall?,numeric,single_select,"1,2,3,4,5",1=Very dissatisfied; 2=Dissatisfied; 3=Neutral; 4=Satisfied; 5=Very satisfied,p_tech_sat,,,,,,,
INVEST_TYPES_1,Q42 — Stocks / shares,Q42,Which of these investments do you hold?,numeric,multi_select,"0,1",0=Not selected; 1=Selected,p_tech_sat,,,,,,1,
INVEST_TYPES_2,Q42 — ETFs / index funds,Q42,Which of these investments do you hold?,numeric,multi_select,"0,1",0=Not selected; 1=Selected,p_tech_sat,,,,,,2,
INVEST_TYPES_3,Q42 — Bonds,Q42,Which of these investments do you hold?,numeric,multi_select,"0,1",0=Not selected; 1=Selected,p_tech_sat,,,,,,3,
INVEST_TYPES_4,Q42 — Cryptocurrency,Q42,Which of these investments do you hold?,numeric,multi_select,"0,1",0=Not selected; 1=Selected,p_tech_sat,,,,,,4,
INVEST_TYPES_5,Q42 — Property,Q42,Which of these investments do you hold?,numeric,multi_select,"0,1",0=Not selected; 1=Selected,p_tech_sat,,,,,,5,
INVEST_TYPES_6,Q42 — Pension / retirement account,Q42,Which of these investments do you hold?,numeric,multi_select,"0,1",0=Not selected; 1=Selected,p_tech_sat,,,,,,6,
INVEST_TYPES_7,Q42 — Savings bonds,Q42,Which of these investments do you hold?,numeric,multi_select,"0,1",0=Not selected; 1=Selected,p_tech_sat,,,,,,7,
INVEST_TYPES_98,Q42 — None,Q42,Which of these investments do you hold?,numeric,multi_select,"0,1",0=Not selected; 1=Selected,p_tech_sat,,,,,,98,
CONSUMER_FOCUS,Which personal activity matters most to you when choosing technology?,Q43,Which personal activity matters most to you when choosing technology?,numeric,single_select,"1,2,3,4,5,6",1=Entertainment; 2=Staying in touch; 3=Health & fitness; 4=Learning; 5=Creativity; 6=Managing money,p_combined,,,,,,,
BUSINESS_FUNCTION,Which business function do you mainly use technology for?,Q44,Which business function do you mainly use technology for?,numeric,single_select,"1,2,3,4,5,6,7",1=Communication; 2=Data & analytics; 3=Sales & CRM; 4=Design & content; 5=Operations; 6=Finance; 7=IT / engineering,p_combined,,,,,,,
COMPANY_DEVICES,How many devices does your employer provide to you?,Q45,How many devices does your employer provide to you?,numeric,numeric,,,p_business,,,,,,,
WORK_LIFE_BLEND,How well do your personal and work technology fit together?,Q46,How well do your personal and work technology fit together?,numeric,single_select,"1,2,3,4",1=Very well — one seamless setup; 2=Reasonably well; 3=Poorly — I juggle separate tools; 4=I keep them deliberately separate,p_combined,,,,,,,
UNAIDED_b1,Q47 — Brand 1,Q47,Which technology brands come to mind first? List up to five.,text,text_list,,,p_brand_unaided,,,,b1,,,
UNAIDED_b2,Q47 — Brand 2,Q47,Which technology brands come to mind first? List up to five.,text,text_list,,,p_brand_unaided,,,,b2,,,
UNAIDED_b3,Q47 — Brand 3,Q47,Which technology brands come to mind first? List up to five.,text,text_list,,,p_brand_unaided,,,,b3,,,
UNAIDED_b4,Q47 — Brand 4,Q47,Which technology brands come to mind first? List up to five.,text,text_list,,,p_brand_unaided,,,,b4,,,
UNAIDED_b5,Q47 — Brand 5,Q47,Which technology brands come to mind first? List up to five.,text,text_list,,,p_brand_unaided,,,,b5,,,
BRANDS_AWARE_1,Q48 — Apple,Q48,Which of these technology brands have you heard of?,numeric,multi_select,"0,1",0=Not selected; 1=Selected,p_brand_aware,,,,,,1,
BRANDS_AWARE_2,Q48 — Samsung,Q48,Which of these technology brands have you heard of?,numeric,multi_select,"0,1",0=Not selected; 1=Selected,p_brand_aware,,,,,,2,
BRANDS_AWARE_3,Q48 — Google,Q48,Which of these technology brands have you heard of?,numeric,multi_select,"0,1",0=Not selected; 1=Selected,p_brand_aware,,,,,,3,
BRANDS_AWARE_4,Q48 — Xiaomi,Q48,Which of these technology brands have you heard of?,numeric,multi_select,"0,1",0=Not selected; 1=Selected,p_brand_aware,,,,,,4,
BRANDS_AWARE_5,Q48 — OnePlus,Q48,Which of these technology brands have you heard of?,numeric,multi_select,"0,1",0=Not selected; 1=Selected,p_brand_aware,,,,,,5,
BRANDS_AWARE_6,Q48 — Sony,Q48,Which of these technology brands have you heard of?,numeric,multi_select,"0,1",0=Not selected; 1=Selected,p_brand_aware,,,,,,6,
BRANDS_AWARE_7,Q48 — Microsoft,Q48,Which of these technology brands have you heard of?,numeric,multi_select,"0,1",0=Not selected; 1=Selected,p_brand_aware,,,,,,7,
BRANDS_AWARE_8,Q48 — Amazon,Q48,Which of these technology brands have you heard of?,numeric,multi_select,"0,1",0=Not selected; 1=Selected,p_brand_aware,,,,,,8,
BRANDS_AWARE_9,Q48 — Huawei,Q48,Which of these technology brands have you heard of?,numeric,multi_select,"0,1",0=Not selected; 1=Selected,p_brand_aware,,,,,,9,
BRANDS_AWARE_10,Q48 — Lenovo,Q48,Which of these technology brands have you heard of?,numeric,multi_select,"0,1",0=Not selected; 1=Selected,p_brand_aware,,,,,,10,
BRANDS_AWARE_11,Q48 — Dell,Q48,Which of these technology brands have you heard of?,numeric,multi_select,"0,1",0=Not selected; 1=Selected,p_brand_aware,,,,,,11,
BRANDS_AWARE_12,Q48 — LG,Q48,Which of these technology brands have you heard of?,numeric,multi_select,"0,1",0=Not selected; 1=Selected,p_brand_aware,,,,,,12,
BRANDS_AWARE_98,Q48 — None of these,Q48,Which of these technology brands have you heard of?,numeric,multi_select,"0,1",0=Not selected; 1=Selected,p_brand_aware,,,,,,98,
BRANDS_USED_1,Q49 — Apple,Q49,Which of these brands have you personally used in the past 12 months?,numeric,multi_select,"0,1",0=Not selected; 1=Selected,p_brand_used,,,,,,1,
BRANDS_USED_2,Q49 — Samsung,Q49,Which of these brands have you personally used in the past 12 months?,numeric,multi_select,"0,1",0=Not selected; 1=Selected,p_brand_used,,,,,,2,
BRANDS_USED_3,Q49 — Google,Q49,Which of these brands have you personally used in the past 12 months?,numeric,multi_select,"0,1",0=Not selected; 1=Selected,p_brand_used,,,,,,3,
BRANDS_USED_4,Q49 — Xiaomi,Q49,Which of these brands have you personally used in the past 12 months?,numeric,multi_select,"0,1",0=Not selected; 1=Selected,p_brand_used,,,,,,4,
BRANDS_USED_5,Q49 — OnePlus,Q49,Which of these brands have you personally used in the past 12 months?,numeric,multi_select,"0,1",0=Not selected; 1=Selected,p_brand_used,,,,,,5,
BRANDS_USED_6,Q49 — Sony,Q49,Which of these brands have you personally used in the past 12 months?,numeric,multi_select,"0,1",0=Not selected; 1=Selected,p_brand_used,,,,,,6,
BRANDS_USED_7,Q49 — Microsoft,Q49,Which of these brands have you personally used in the past 12 months?,numeric,multi_select,"0,1",0=Not selected; 1=Selected,p_brand_used,,,,,,7,
BRANDS_USED_8,Q49 — Amazon,Q49,Which of these brands have you personally used in the past 12 months?,numeric,multi_select,"0,1",0=Not selected; 1=Selected,p_brand_used,,,,,,8,
BRANDS_USED_9,Q49 — Huawei,Q49,Which of these brands have you personally used in the past 12 months?,numeric,multi_select,"0,1",0=Not selected; 1=Selected,p_brand_used,,,,,,9,
BRANDS_USED_10,Q49 — Lenovo,Q49,Which of these brands have you personally used in the past 12 months?,numeric,multi_select,"0,1",0=Not selected; 1=Selected,p_brand_used,,,,,,10,
BRANDS_USED_11,Q49 — Dell,Q49,Which of these brands have you personally used in the past 12 months?,numeric,multi_select,"0,1",0=Not selected; 1=Selected,p_brand_used,,,,,,11,
BRANDS_USED_12,Q49 — LG,Q49,Which of these brands have you personally used in the past 12 months?,numeric,multi_select,"0,1",0=Not selected; 1=Selected,p_brand_used,,,,,,12,
FAV_BRAND,You said you have used …. Which is your favourite?,Q51,You said you have used …. Which is your favourite?,numeric,single_select,,,p_brand_fav,,,,,,,
FAV_WHY,Why is … your favourite?,Q52,Why is … your favourite?,text,long_text,,,p_brand_fav,,,,,,,
BRAND_AGREE_1,Q53 — Apple,Q53,How much do you agree that each brand offers good value for money?,numeric,matrix_single,"1,2,3,4,5",1=Strongly disagree; 2=Disagree; 3=Neither agree nor disagree; 4=Agree; 5=Strongly agree,p_brand_grids,,,,1,,,
BRAND_AGREE_2,Q53 — Samsung,Q53,How much do you agree that each brand offers good value for money?,numeric,matrix_single,"1,2,3,4,5",1=Strongly disagree; 2=Disagree; 3=Neither agree nor disagree; 4=Agree; 5=Strongly agree,p_brand_grids,,,,2,,,
BRAND_AGREE_3,Q53 — Google,Q53,How much do you agree that each brand offers good value for money?,numeric,matrix_single,"1,2,3,4,5",1=Strongly disagree; 2=Disagree; 3=Neither agree nor disagree; 4=Agree; 5=Strongly agree,p_brand_grids,,,,3,,,
BRAND_AGREE_4,Q53 — Xiaomi,Q53,How much do you agree that each brand offers good value for money?,numeric,matrix_single,"1,2,3,4,5",1=Strongly disagree; 2=Disagree; 3=Neither agree nor disagree; 4=Agree; 5=Strongly agree,p_brand_grids,,,,4,,,
BRAND_AGREE_5,Q53 — OnePlus,Q53,How much do you agree that each brand offers good value for money?,numeric,matrix_single,"1,2,3,4,5",1=Strongly disagree; 2=Disagree; 3=Neither agree nor disagree; 4=Agree; 5=Strongly agree,p_brand_grids,,,,5,,,
BRAND_AGREE_6,Q53 — Sony,Q53,How much do you agree that each brand offers good value for money?,numeric,matrix_single,"1,2,3,4,5",1=Strongly disagree; 2=Disagree; 3=Neither agree nor disagree; 4=Agree; 5=Strongly agree,p_brand_grids,,,,6,,,
BRAND_AGREE_7,Q53 — Microsoft,Q53,How much do you agree that each brand offers good value for money?,numeric,matrix_single,"1,2,3,4,5",1=Strongly disagree; 2=Disagree; 3=Neither agree nor disagree; 4=Agree; 5=Strongly agree,p_brand_grids,,,,7,,,
BRAND_AGREE_8,Q53 — Amazon,Q53,How much do you agree that each brand offers good value for money?,numeric,matrix_single,"1,2,3,4,5",1=Strongly disagree; 2=Disagree; 3=Neither agree nor disagree; 4=Agree; 5=Strongly agree,p_brand_grids,,,,8,,,
BRAND_AGREE_9,Q53 — Huawei,Q53,How much do you agree that each brand offers good value for money?,numeric,matrix_single,"1,2,3,4,5",1=Strongly disagree; 2=Disagree; 3=Neither agree nor disagree; 4=Agree; 5=Strongly agree,p_brand_grids,,,,9,,,
BRAND_AGREE_10,Q53 — Lenovo,Q53,How much do you agree that each brand offers good value for money?,numeric,matrix_single,"1,2,3,4,5",1=Strongly disagree; 2=Disagree; 3=Neither agree nor disagree; 4=Agree; 5=Strongly agree,p_brand_grids,,,,10,,,
BRAND_AGREE_11,Q53 — Dell,Q53,How much do you agree that each brand offers good value for money?,numeric,matrix_single,"1,2,3,4,5",1=Strongly disagree; 2=Disagree; 3=Neither agree nor disagree; 4=Agree; 5=Strongly agree,p_brand_grids,,,,11,,,
BRAND_AGREE_12,Q53 — LG,Q53,How much do you agree that each brand offers good value for money?,numeric,matrix_single,"1,2,3,4,5",1=Strongly disagree; 2=Disagree; 3=Neither agree nor disagree; 4=Agree; 5=Strongly agree,p_brand_grids,,,,12,,,
BRAND_ASSOC_1_1,Q54 — Apple / Innovative,Q54,Which of these words do you associate with each brand? (select all that apply),numeric,matrix_multi,"0,1",0=Not selected; 1=Selected,p_brand_grids,,,,1,,1,
BRAND_ASSOC_1_2,Q54 — Apple / Reliable,Q54,Which of these words do you associate with each brand? (select all that apply),numeric,matrix_multi,"0,1",0=Not selected; 1=Selected,p_brand_grids,,,,1,,2,
BRAND_ASSOC_1_3,Q54 — Apple / Expensive,Q54,Which of these words do you associate with each brand? (select all that apply),numeric,matrix_multi,"0,1",0=Not selected; 1=Selected,p_brand_grids,,,,1,,3,
BRAND_ASSOC_1_4,Q54 — Apple / Good value,Q54,Which of these words do you associate with each brand? (select all that apply),numeric,matrix_multi,"0,1",0=Not selected; 1=Selected,p_brand_grids,,,,1,,4,
BRAND_ASSOC_1_5,Q54 — Apple / Stylish,Q54,Which of these words do you associate with each brand? (select all that apply),numeric,matrix_multi,"0,1",0=Not selected; 1=Selected,p_brand_grids,,,,1,,5,
BRAND_ASSOC_1_6,Q54 — Apple / Secure,Q54,Which of these words do you associate with each brand? (select all that apply),numeric,matrix_multi,"0,1",0=Not selected; 1=Selected,p_brand_grids,,,,1,,6,
BRAND_ASSOC_1_7,Q54 — Apple / Sustainable,Q54,Which of these words do you associate with each brand? (select all that apply),numeric,matrix_multi,"0,1",0=Not selected; 1=Selected,p_brand_grids,,,,1,,7,
BRAND_ASSOC_2_1,Q54 — Samsung / Innovative,Q54,Which of these words do you associate with each brand? (select all that apply),numeric,matrix_multi,"0,1",0=Not selected; 1=Selected,p_brand_grids,,,,2,,1,
BRAND_ASSOC_2_2,Q54 — Samsung / Reliable,Q54,Which of these words do you associate with each brand? (select all that apply),numeric,matrix_multi,"0,1",0=Not selected; 1=Selected,p_brand_grids,,,,2,,2,
BRAND_ASSOC_2_3,Q54 — Samsung / Expensive,Q54,Which of these words do you associate with each brand? (select all that apply),numeric,matrix_multi,"0,1",0=Not selected; 1=Selected,p_brand_grids,,,,2,,3,
BRAND_ASSOC_2_4,Q54 — Samsung / Good value,Q54,Which of these words do you associate with each brand? (select all that apply),numeric,matrix_multi,"0,1",0=Not selected; 1=Selected,p_brand_grids,,,,2,,4,
BRAND_ASSOC_2_5,Q54 — Samsung / Stylish,Q54,Which of these words do you associate with each brand? (select all that apply),numeric,matrix_multi,"0,1",0=Not selected; 1=Selected,p_brand_grids,,,,2,,5,
BRAND_ASSOC_2_6,Q54 — Samsung / Secure,Q54,Which of these words do you associate with each brand? (select all that apply),numeric,matrix_multi,"0,1",0=Not selected; 1=Selected,p_brand_grids,,,,2,,6,
BRAND_ASSOC_2_7,Q54 — Samsung / Sustainable,Q54,Which of these words do you associate with each brand? (select all that apply),numeric,matrix_multi,"0,1",0=Not selected; 1=Selected,p_brand_grids,,,,2,,7,
BRAND_ASSOC_3_1,Q54 — Google / Innovative,Q54,Which of these words do you associate with each brand? (select all that apply),numeric,matrix_multi,"0,1",0=Not selected; 1=Selected,p_brand_grids,,,,3,,1,
BRAND_ASSOC_3_2,Q54 — Google / Reliable,Q54,Which of these words do you associate with each brand? (select all that apply),numeric,matrix_multi,"0,1",0=Not selected; 1=Selected,p_brand_grids,,,,3,,2,
BRAND_ASSOC_3_3,Q54 — Google / Expensive,Q54,Which of these words do you associate with each brand? (select all that apply),numeric,matrix_multi,"0,1",0=Not selected; 1=Selected,p_brand_grids,,,,3,,3,
BRAND_ASSOC_3_4,Q54 — Google / Good value,Q54,Which of these words do you associate with each brand? (select all that apply),numeric,matrix_multi,"0,1",0=Not selected; 1=Selected,p_brand_grids,,,,3,,4,
BRAND_ASSOC_3_5,Q54 — Google / Stylish,Q54,Which of these words do you associate with each brand? (select all that apply),numeric,matrix_multi,"0,1",0=Not selected; 1=Selected,p_brand_grids,,,,3,,5,
BRAND_ASSOC_3_6,Q54 — Google / Secure,Q54,Which of these words do you associate with each brand? (select all that apply),numeric,matrix_multi,"0,1",0=Not selected; 1=Selected,p_brand_grids,,,,3,,6,
BRAND_ASSOC_3_7,Q54 — Google / Sustainable,Q54,Which of these words do you associate with each brand? (select all that apply),numeric,matrix_multi,"0,1",0=Not selected; 1=Selected,p_brand_grids,,,,3,,7,
BRAND_ASSOC_4_1,Q54 — Xiaomi / Innovative,Q54,Which of these words do you associate with each brand? (select all that apply),numeric,matrix_multi,"0,1",0=Not selected; 1=Selected,p_brand_grids,,,,4,,1,
BRAND_ASSOC_4_2,Q54 — Xiaomi / Reliable,Q54,Which of these words do you associate with each brand? (select all that apply),numeric,matrix_multi,"0,1",0=Not selected; 1=Selected,p_brand_grids,,,,4,,2,
BRAND_ASSOC_4_3,Q54 — Xiaomi / Expensive,Q54,Which of these words do you associate with each brand? (select all that apply),numeric,matrix_multi,"0,1",0=Not selected; 1=Selected,p_brand_grids,,,,4,,3,
BRAND_ASSOC_4_4,Q54 — Xiaomi / Good value,Q54,Which of these words do you associate with each brand? (select all that apply),numeric,matrix_multi,"0,1",0=Not selected; 1=Selected,p_brand_grids,,,,4,,4,
BRAND_ASSOC_4_5,Q54 — Xiaomi / Stylish,Q54,Which of these words do you associate with each brand? (select all that apply),numeric,matrix_multi,"0,1",0=Not selected; 1=Selected,p_brand_grids,,,,4,,5,
BRAND_ASSOC_4_6,Q54 — Xiaomi / Secure,Q54,Which of these words do you associate with each brand? (select all that apply),numeric,matrix_multi,"0,1",0=Not selected; 1=Selected,p_brand_grids,,,,4,,6,
BRAND_ASSOC_4_7,Q54 — Xiaomi / Sustainable,Q54,Which of these words do you associate with each brand? (select all that apply),numeric,matrix_multi,"0,1",0=Not selected; 1=Selected,p_brand_grids,,,,4,,7,
BRAND_ASSOC_5_1,Q54 — OnePlus / Innovative,Q54,Which of these words do you associate with each brand? (select all that apply),numeric,matrix_multi,"0,1",0=Not selected; 1=Selected,p_brand_grids,,,,5,,1,
BRAND_ASSOC_5_2,Q54 — OnePlus / Reliable,Q54,Which of these words do you associate with each brand? (select all that apply),numeric,matrix_multi,"0,1",0=Not selected; 1=Selected,p_brand_grids,,,,5,,2,
BRAND_ASSOC_5_3,Q54 — OnePlus / Expensive,Q54,Which of these words do you associate with each brand? (select all that apply),numeric,matrix_multi,"0,1",0=Not selected; 1=Selected,p_brand_grids,,,,5,,3,
BRAND_ASSOC_5_4,Q54 — OnePlus / Good value,Q54,Which of these words do you associate with each brand? (select all that apply),numeric,matrix_multi,"0,1",0=Not selected; 1=Selected,p_brand_grids,,,,5,,4,
BRAND_ASSOC_5_5,Q54 — OnePlus / Stylish,Q54,Which of these words do you associate with each brand? (select all that apply),numeric,matrix_multi,"0,1",0=Not selected; 1=Selected,p_brand_grids,,,,5,,5,
BRAND_ASSOC_5_6,Q54 — OnePlus / Secure,Q54,Which of these words do you associate with each brand? (select all that apply),numeric,matrix_multi,"0,1",0=Not selected; 1=Selected,p_brand_grids,,,,5,,6,
BRAND_ASSOC_5_7,Q54 — OnePlus / Sustainable,Q54,Which of these words do you associate with each brand? (select all that apply),numeric,matrix_multi,"0,1",0=Not selected; 1=Selected,p_brand_grids,,,,5,,7,
BRAND_ASSOC_6_1,Q54 — Sony / Innovative,Q54,Which of these words do you associate with each brand? (select all that apply),numeric,matrix_multi,"0,1",0=Not selected; 1=Selected,p_brand_grids,,,,6,,1,
BRAND_ASSOC_6_2,Q54 — Sony / Reliable,Q54,Which of these words do you associate with each brand? (select all that apply),numeric,matrix_multi,"0,1",0=Not selected; 1=Selected,p_brand_grids,,,,6,,2,
BRAND_ASSOC_6_3,Q54 — Sony / Expensive,Q54,Which of these words do you associate with each brand? (select all that apply),numeric,matrix_multi,"0,1",0=Not selected; 1=Selected,p_brand_grids,,,,6,,3,
BRAND_ASSOC_6_4,Q54 — Sony / Good value,Q54,Which of these words do you associate with each brand? (select all that apply),numeric,matrix_multi,"0,1",0=Not selected; 1=Selected,p_brand_grids,,,,6,,4,
BRAND_ASSOC_6_5,Q54 — Sony / Stylish,Q54,Which of these words do you associate with each brand? (select all that apply),numeric,matrix_multi,"0,1",0=Not selected; 1=Selected,p_brand_grids,,,,6,,5,
BRAND_ASSOC_6_6,Q54 — Sony / Secure,Q54,Which of these words do you associate with each brand? (select all that apply),numeric,matrix_multi,"0,1",0=Not selected; 1=Selected,p_brand_grids,,,,6,,6,
BRAND_ASSOC_6_7,Q54 — Sony / Sustainable,Q54,Which of these words do you associate with each brand? (select all that apply),numeric,matrix_multi,"0,1",0=Not selected; 1=Selected,p_brand_grids,,,,6,,7,
BRAND_ASSOC_7_1,Q54 — Microsoft / Innovative,Q54,Which of these words do you associate with each brand? (select all that apply),numeric,matrix_multi,"0,1",0=Not selected; 1=Selected,p_brand_grids,,,,7,,1,
BRAND_ASSOC_7_2,Q54 — Microsoft / Reliable,Q54,Which of these words do you associate with each brand? (select all that apply),numeric,matrix_multi,"0,1",0=Not selected; 1=Selected,p_brand_grids,,,,7,,2,
BRAND_ASSOC_7_3,Q54 — Microsoft / Expensive,Q54,Which of these words do you associate with each brand? (select all that apply),numeric,matrix_multi,"0,1",0=Not selected; 1=Selected,p_brand_grids,,,,7,,3,
BRAND_ASSOC_7_4,Q54 — Microsoft / Good value,Q54,Which of these words do you associate with each brand? (select all that apply),numeric,matrix_multi,"0,1",0=Not selected; 1=Selected,p_brand_grids,,,,7,,4,
BRAND_ASSOC_7_5,Q54 — Microsoft / Stylish,Q54,Which of these words do you associate with each brand? (select all that apply),numeric,matrix_multi,"0,1",0=Not selected; 1=Selected,p_brand_grids,,,,7,,5,
BRAND_ASSOC_7_6,Q54 — Microsoft / Secure,Q54,Which of these words do you associate with each brand? (select all that apply),numeric,matrix_multi,"0,1",0=Not selected; 1=Selected,p_brand_grids,,,,7,,6,
BRAND_ASSOC_7_7,Q54 — Microsoft / Sustainable,Q54,Which of these words do you associate with each brand? (select all that apply),numeric,matrix_multi,"0,1",0=Not selected; 1=Selected,p_brand_grids,,,,7,,7,
BRAND_ASSOC_8_1,Q54 — Amazon / Innovative,Q54,Which of these words do you associate with each brand? (select all that apply),numeric,matrix_multi,"0,1",0=Not selected; 1=Selected,p_brand_grids,,,,8,,1,
BRAND_ASSOC_8_2,Q54 — Amazon / Reliable,Q54,Which of these words do you associate with each brand? (select all that apply),numeric,matrix_multi,"0,1",0=Not selected; 1=Selected,p_brand_grids,,,,8,,2,
BRAND_ASSOC_8_3,Q54 — Amazon / Expensive,Q54,Which of these words do you associate with each brand? (select all that apply),numeric,matrix_multi,"0,1",0=Not selected; 1=Selected,p_brand_grids,,,,8,,3,
BRAND_ASSOC_8_4,Q54 — Amazon / Good value,Q54,Which of these words do you associate with each brand? (select all that apply),numeric,matrix_multi,"0,1",0=Not selected; 1=Selected,p_brand_grids,,,,8,,4,
BRAND_ASSOC_8_5,Q54 — Amazon / Stylish,Q54,Which of these words do you associate with each brand? (select all that apply),numeric,matrix_multi,"0,1",0=Not selected; 1=Selected,p_brand_grids,,,,8,,5,
BRAND_ASSOC_8_6,Q54 — Amazon / Secure,Q54,Which of these words do you associate with each brand? (select all that apply),numeric,matrix_multi,"0,1",0=Not selected; 1=Selected,p_brand_grids,,,,8,,6,
BRAND_ASSOC_8_7,Q54 — Amazon / Sustainable,Q54,Which of these words do you associate with each brand? (select all that apply),numeric,matrix_multi,"0,1",0=Not selected; 1=Selected,p_brand_grids,,,,8,,7,
BRAND_ASSOC_9_1,Q54 — Huawei / Innovative,Q54,Which of these words do you associate with each brand? (select all that apply),numeric,matrix_multi,"0,1",0=Not selected; 1=Selected,p_brand_grids,,,,9,,1,
BRAND_ASSOC_9_2,Q54 — Huawei / Reliable,Q54,Which of these words do you associate with each brand? (select all that apply),numeric,matrix_multi,"0,1",0=Not selected; 1=Selected,p_brand_grids,,,,9,,2,
BRAND_ASSOC_9_3,Q54 — Huawei / Expensive,Q54,Which of these words do you associate with each brand? (select all that apply),numeric,matrix_multi,"0,1",0=Not selected; 1=Selected,p_brand_grids,,,,9,,3,
BRAND_ASSOC_9_4,Q54 — Huawei / Good value,Q54,Which of these words do you associate with each brand? (select all that apply),numeric,matrix_multi,"0,1",0=Not selected; 1=Selected,p_brand_grids,,,,9,,4,
BRAND_ASSOC_9_5,Q54 — Huawei / Stylish,Q54,Which of these words do you associate with each brand? (select all that apply),numeric,matrix_multi,"0,1",0=Not selected; 1=Selected,p_brand_grids,,,,9,,5,
BRAND_ASSOC_9_6,Q54 — Huawei / Secure,Q54,Which of these words do you associate with each brand? (select all that apply),numeric,matrix_multi,"0,1",0=Not selected; 1=Selected,p_brand_grids,,,,9,,6,
BRAND_ASSOC_9_7,Q54 — Huawei / Sustainable,Q54,Which of these words do you associate with each brand? (select all that apply),numeric,matrix_multi,"0,1",0=Not selected; 1=Selected,p_brand_grids,,,,9,,7,
BRAND_ASSOC_10_1,Q54 — Lenovo / Innovative,Q54,Which of these words do you associate with each brand? (select all that apply),numeric,matrix_multi,"0,1",0=Not selected; 1=Selected,p_brand_grids,,,,10,,1,
BRAND_ASSOC_10_2,Q54 — Lenovo / Reliable,Q54,Which of these words do you associate with each brand? (select all that apply),numeric,matrix_multi,"0,1",0=Not selected; 1=Selected,p_brand_grids,,,,10,,2,
BRAND_ASSOC_10_3,Q54 — Lenovo / Expensive,Q54,Which of these words do you associate with each brand? (select all that apply),numeric,matrix_multi,"0,1",0=Not selected; 1=Selected,p_brand_grids,,,,10,,3,
BRAND_ASSOC_10_4,Q54 — Lenovo / Good value,Q54,Which of these words do you associate with each brand? (select all that apply),numeric,matrix_multi,"0,1",0=Not selected; 1=Selected,p_brand_grids,,,,10,,4,
BRAND_ASSOC_10_5,Q54 — Lenovo / Stylish,Q54,Which of these words do you associate with each brand? (select all that apply),numeric,matrix_multi,"0,1",0=Not selected; 1=Selected,p_brand_grids,,,,10,,5,
BRAND_ASSOC_10_6,Q54 — Lenovo / Secure,Q54,Which of these words do you associate with each brand? (select all that apply),numeric,matrix_multi,"0,1",0=Not selected; 1=Selected,p_brand_grids,,,,10,,6,
BRAND_ASSOC_10_7,Q54 — Lenovo / Sustainable,Q54,Which of these words do you associate with each brand? (select all that apply),numeric,matrix_multi,"0,1",0=Not selected; 1=Selected,p_brand_grids,,,,10,,7,
BRAND_ASSOC_11_1,Q54 — Dell / Innovative,Q54,Which of these words do you associate with each brand? (select all that apply),numeric,matrix_multi,"0,1",0=Not selected; 1=Selected,p_brand_grids,,,,11,,1,
BRAND_ASSOC_11_2,Q54 — Dell / Reliable,Q54,Which of these words do you associate with each brand? (select all that apply),numeric,matrix_multi,"0,1",0=Not selected; 1=Selected,p_brand_grids,,,,11,,2,
BRAND_ASSOC_11_3,Q54 — Dell / Expensive,Q54,Which of these words do you associate with each brand? (select all that apply),numeric,matrix_multi,"0,1",0=Not selected; 1=Selected,p_brand_grids,,,,11,,3,
BRAND_ASSOC_11_4,Q54 — Dell / Good value,Q54,Which of these words do you associate with each brand? (select all that apply),numeric,matrix_multi,"0,1",0=Not selected; 1=Selected,p_brand_grids,,,,11,,4,
BRAND_ASSOC_11_5,Q54 — Dell / Stylish,Q54,Which of these words do you associate with each brand? (select all that apply),numeric,matrix_multi,"0,1",0=Not selected; 1=Selected,p_brand_grids,,,,11,,5,
BRAND_ASSOC_11_6,Q54 — Dell / Secure,Q54,Which of these words do you associate with each brand? (select all that apply),numeric,matrix_multi,"0,1",0=Not selected; 1=Selected,p_brand_grids,,,,11,,6,
BRAND_ASSOC_11_7,Q54 — Dell / Sustainable,Q54,Which of these words do you associate with each brand? (select all that apply),numeric,matrix_multi,"0,1",0=Not selected; 1=Selected,p_brand_grids,,,,11,,7,
BRAND_ASSOC_12_1,Q54 — LG / Innovative,Q54,Which of these words do you associate with each brand? (select all that apply),numeric,matrix_multi,"0,1",0=Not selected; 1=Selected,p_brand_grids,,,,12,,1,
BRAND_ASSOC_12_2,Q54 — LG / Reliable,Q54,Which of these words do you associate with each brand? (select all that apply),numeric,matrix_multi,"0,1",0=Not selected; 1=Selected,p_brand_grids,,,,12,,2,
BRAND_ASSOC_12_3,Q54 — LG / Expensive,Q54,Which of these words do you associate with each brand? (select all that apply),numeric,matrix_multi,"0,1",0=Not selected; 1=Selected,p_brand_grids,,,,12,,3,
BRAND_ASSOC_12_4,Q54 — LG / Good value,Q54,Which of these words do you associate with each brand? (select all that apply),numeric,matrix_multi,"0,1",0=Not selected; 1=Selected,p_brand_grids,,,,12,,4,
BRAND_ASSOC_12_5,Q54 — LG / Stylish,Q54,Which of these words do you associate with each brand? (select all that apply),numeric,matrix_multi,"0,1",0=Not selected; 1=Selected,p_brand_grids,,,,12,,5,
BRAND_ASSOC_12_6,Q54 — LG / Secure,Q54,Which of these words do you associate with each brand? (select all that apply),numeric,matrix_multi,"0,1",0=Not selected; 1=Selected,p_brand_grids,,,,12,,6,
BRAND_ASSOC_12_7,Q54 — LG / Sustainable,Q54,Which of these words do you associate with each brand? (select all that apply),numeric,matrix_multi,"0,1",0=Not selected; 1=Selected,p_brand_grids,,,,12,,7,
YEARS_USED_1,Q55 — Apple,Q55,For how many years have you used each brand?,numeric,matrix_numeric,,,p_brand_grids_2,,,,1,,,
YEARS_USED_2,Q55 — Samsung,Q55,For how many years have you used each brand?,numeric,matrix_numeric,,,p_brand_grids_2,,,,2,,,
YEARS_USED_3,Q55 — Google,Q55,For how many years have you used each brand?,numeric,matrix_numeric,,,p_brand_grids_2,,,,3,,,
YEARS_USED_4,Q55 — Xiaomi,Q55,For how many years have you used each brand?,numeric,matrix_numeric,,,p_brand_grids_2,,,,4,,,
YEARS_USED_5,Q55 — OnePlus,Q55,For how many years have you used each brand?,numeric,matrix_numeric,,,p_brand_grids_2,,,,5,,,
YEARS_USED_6,Q55 — Sony,Q55,For how many years have you used each brand?,numeric,matrix_numeric,,,p_brand_grids_2,,,,6,,,
YEARS_USED_7,Q55 — Microsoft,Q55,For how many years have you used each brand?,numeric,matrix_numeric,,,p_brand_grids_2,,,,7,,,
YEARS_USED_8,Q55 — Amazon,Q55,For how many years have you used each brand?,numeric,matrix_numeric,,,p_brand_grids_2,,,,8,,,
YEARS_USED_9,Q55 — Huawei,Q55,For how many years have you used each brand?,numeric,matrix_numeric,,,p_brand_grids_2,,,,9,,,
YEARS_USED_10,Q55 — Lenovo,Q55,For how many years have you used each brand?,numeric,matrix_numeric,,,p_brand_grids_2,,,,10,,,
YEARS_USED_11,Q55 — Dell,Q55,For how many years have you used each brand?,numeric,matrix_numeric,,,p_brand_grids_2,,,,11,,,
YEARS_USED_12,Q55 — LG,Q55,For how many years have you used each brand?,numeric,matrix_numeric,,,p_brand_grids_2,,,,12,,,
CHANNEL_1,Q56 — Apple,Q56,Where did you most recently buy from each brand?,numeric,matrix_dropdown,"1,2,3,4,5,6",1=Brand's own store; 2=Brand website; 3=Carrier / operator; 4=Online marketplace; 5=Electronics retailer; 6=Second-hand,p_brand_grids_2,,,,1,,,
CHANNEL_2,Q56 — Samsung,Q56,Where did you most recently buy from each brand?,numeric,matrix_dropdown,"1,2,3,4,5,6",1=Brand's own store; 2=Brand website; 3=Carrier / operator; 4=Online marketplace; 5=Electronics retailer; 6=Second-hand,p_brand_grids_2,,,,2,,,
CHANNEL_3,Q56 — Google,Q56,Where did you most recently buy from each brand?,numeric,matrix_dropdown,"1,2,3,4,5,6",1=Brand's own store; 2=Brand website; 3=Carrier / operator; 4=Online marketplace; 5=Electronics retailer; 6=Second-hand,p_brand_grids_2,,,,3,,,
CHANNEL_4,Q56 — Xiaomi,Q56,Where did you most recently buy from each brand?,numeric,matrix_dropdown,"1,2,3,4,5,6",1=Brand's own store; 2=Brand website; 3=Carrier / operator; 4=Online marketplace; 5=Electronics retailer; 6=Second-hand,p_brand_grids_2,,,,4,,,
CHANNEL_5,Q56 — OnePlus,Q56,Where did you most recently buy from each brand?,numeric,matrix_dropdown,"1,2,3,4,5,6",1=Brand's own store; 2=Brand website; 3=Carrier / operator; 4=Online marketplace; 5=Electronics retailer; 6=Second-hand,p_brand_grids_2,,,,5,,,
CHANNEL_6,Q56 — Sony,Q56,Where did you most recently buy from each brand?,numeric,matrix_dropdown,"1,2,3,4,5,6",1=Brand's own store; 2=Brand website; 3=Carrier / operator; 4=Online marketplace; 5=Electronics retailer; 6=Second-hand,p_brand_grids_2,,,,6,,,
CHANNEL_7,Q56 — Microsoft,Q56,Where did you most recently buy from each brand?,numeric,matrix_dropdown,"1,2,3,4,5,6",1=Brand's own store; 2=Brand website; 3=Carrier / operator; 4=Online marketplace; 5=Electronics retailer; 6=Second-hand,p_brand_grids_2,,,,7,,,
CHANNEL_8,Q56 — Amazon,Q56,Where did you most recently buy from each brand?,numeric,matrix_dropdown,"1,2,3,4,5,6",1=Brand's own store; 2=Brand website; 3=Carrier / operator; 4=Online marketplace; 5=Electronics retailer; 6=Second-hand,p_brand_grids_2,,,,8,,,
CHANNEL_9,Q56 — Huawei,Q56,Where did you most recently buy from each brand?,numeric,matrix_dropdown,"1,2,3,4,5,6",1=Brand's own store; 2=Brand website; 3=Carrier / operator; 4=Online marketplace; 5=Electronics retailer; 6=Second-hand,p_brand_grids_2,,,,9,,,
CHANNEL_10,Q56 — Lenovo,Q56,Where did you most recently buy from each brand?,numeric,matrix_dropdown,"1,2,3,4,5,6",1=Brand's own store; 2=Brand website; 3=Carrier / operator; 4=Online marketplace; 5=Electronics retailer; 6=Second-hand,p_brand_grids_2,,,,10,,,
CHANNEL_11,Q56 — Dell,Q56,Where did you most recently buy from each brand?,numeric,matrix_dropdown,"1,2,3,4,5,6",1=Brand's own store; 2=Brand website; 3=Carrier / operator; 4=Online marketplace; 5=Electronics retailer; 6=Second-hand,p_brand_grids_2,,,,11,,,
CHANNEL_12,Q56 — LG,Q56,Where did you most recently buy from each brand?,numeric,matrix_dropdown,"1,2,3,4,5,6",1=Brand's own store; 2=Brand website; 3=Carrier / operator; 4=Online marketplace; 5=Electronics retailer; 6=Second-hand,p_brand_grids_2,,,,12,,,
ONE_WORD_1,Q57 — Apple,Q57,"In one word, how would you describe each brand?",text,matrix_text,,,p_brand_grids_2,,,,1,,,
ONE_WORD_2,Q57 — Samsung,Q57,"In one word, how would you describe each brand?",text,matrix_text,,,p_brand_grids_2,,,,2,,,
ONE_WORD_3,Q57 — Google,Q57,"In one word, how would you describe each brand?",text,matrix_text,,,p_brand_grids_2,,,,3,,,
ONE_WORD_4,Q57 — Xiaomi,Q57,"In one word, how would you describe each brand?",text,matrix_text,,,p_brand_grids_2,,,,4,,,
ONE_WORD_5,Q57 — OnePlus,Q57,"In one word, how would you describe each brand?",text,matrix_text,,,p_brand_grids_2,,,,5,,,
ONE_WORD_6,Q57 — Sony,Q57,"In one word, how would you describe each brand?",text,matrix_text,,,p_brand_grids_2,,,,6,,,
ONE_WORD_7,Q57 — Microsoft,Q57,"In one word, how would you describe each brand?",text,matrix_text,,,p_brand_grids_2,,,,7,,,
ONE_WORD_8,Q57 — Amazon,Q57,"In one word, how would you describe each brand?",text,matrix_text,,,p_brand_grids_2,,,,8,,,
ONE_WORD_9,Q57 — Huawei,Q57,"In one word, how would you describe each brand?",text,matrix_text,,,p_brand_grids_2,,,,9,,,
ONE_WORD_10,Q57 — Lenovo,Q57,"In one word, how would you describe each brand?",text,matrix_text,,,p_brand_grids_2,,,,10,,,
ONE_WORD_11,Q57 — Dell,Q57,"In one word, how would you describe each brand?",text,matrix_text,,,p_brand_grids_2,,,,11,,,
ONE_WORD_12,Q57 — LG,Q57,"In one word, how would you describe each brand?",text,matrix_text,,,p_brand_grids_2,,,,12,,,
DETAIL_INTEREST,Would you be willing to answer a few more detailed questions about the brands you use?,Q58,Would you be willing to answer a few more detailed questions about the brands you use?,numeric,single_select,"1,2","1=Yes; 2=No, take me to the shorter version",p_brand_detail_gate,,,,,,,
LF_SOURCE_LIST,"Hidden List Fill candidate list (trusted ∩ used, written by script)",H3,"Hidden List Fill candidate list (trusted ∩ used, written by script)",text,hidden,,,p_brand_detail_gate,,,Y,,,,
LF_BRAND_1,List Fill destination 1 (allocated brand code),H4,List Fill destination 1 (allocated brand code),text,hidden,,,p_lf_destinations,,,Y,,,,
LF_BRAND_2,List Fill destination 2 (allocated brand code),H5,List Fill destination 2 (allocated brand code),text,hidden,,,p_lf_destinations,,,Y,,,,
LF_TOPIC,Randomly assigned deep-dive topic,H6,Randomly assigned deep-dive topic,text,hidden,,,p_lf_destinations,,,Y,,,,
LF_SAT_1,"Thinking about …, how satisfied are you overall?",Q59,"Thinking about …, how satisfied are you overall?",numeric,single_select,"1,2,3,4,5",1=Very dissatisfied; 2=Dissatisfied; 3=Neutral; 4=Satisfied; 5=Very satisfied,p_lf_eval,,,,,,,
LF_SAT_2,And … — how satisfied are you overall?,Q60,And … — how satisfied are you overall?,numeric,single_select,"1,2,3,4,5",1=Very dissatisfied; 2=Dissatisfied; 3=Neutral; 4=Satisfied; 5=Very satisfied,p_lf_eval,,,,,,,
TOPIC_OPEN,You have been assigned the topic “…”. What is the one thing technology brands should improve about …?,Q61,You have been assigned the topic “…”. What is the one thing technology brands should improve about …?,text,long_text,,,p_lf_eval,,,,,,,
TRUST_PICK,"Of the brands you both use and trust, … was chosen for you. Would you buy from … again?",Q62,"Of the brands you both use and trust, … was chosen for you. Would you buy from … again?",numeric,single_select,"1,2,3,4,5",1=Very unlikely; 2=Unlikely; 3=Neither; 4=Likely; 5=Very likely,p_lf_eval,,,,,,,
LF_NPS_1,"How likely are you to recommend … (… tier, … segment)? (lfbrand 1)",Q63,"How likely are you to recommend … (… tier, … segment)?",numeric,nps,,,p_lf_loop,,,,,,,"iteration 1 of loop ""lfbrand"""
LF_NPS_2,"How likely are you to recommend … (… tier, … segment)? (lfbrand 2)",Q63,"How likely are you to recommend … (… tier, … segment)?",numeric,nps,,,p_lf_loop,,,,,,,"iteration 2 of loop ""lfbrand"""
LF_NPS_3,"How likely are you to recommend … (… tier, … segment)? (lfbrand 3)",Q63,"How likely are you to recommend … (… tier, … segment)?",numeric,nps,,,p_lf_loop,,,,,,,"iteration 3 of loop ""lfbrand"""
LF_NPS_4,"How likely are you to recommend … (… tier, … segment)? (lfbrand 4)",Q63,"How likely are you to recommend … (… tier, … segment)?",numeric,nps,,,p_lf_loop,,,,,,,"iteration 4 of loop ""lfbrand"""
LF_NPS_5,"How likely are you to recommend … (… tier, … segment)? (lfbrand 5)",Q63,"How likely are you to recommend … (… tier, … segment)?",numeric,nps,,,p_lf_loop,,,,,,,"iteration 5 of loop ""lfbrand"""
LF_NPS_6,"How likely are you to recommend … (… tier, … segment)? (lfbrand 6)",Q63,"How likely are you to recommend … (… tier, … segment)?",numeric,nps,,,p_lf_loop,,,,,,,"iteration 6 of loop ""lfbrand"""
LF_NPS_7,"How likely are you to recommend … (… tier, … segment)? (lfbrand 7)",Q63,"How likely are you to recommend … (… tier, … segment)?",numeric,nps,,,p_lf_loop,,,,,,,"iteration 7 of loop ""lfbrand"""
LF_NPS_8,"How likely are you to recommend … (… tier, … segment)? (lfbrand 8)",Q63,"How likely are you to recommend … (… tier, … segment)?",numeric,nps,,,p_lf_loop,,,,,,,"iteration 8 of loop ""lfbrand"""
LF_NPS_9,"How likely are you to recommend … (… tier, … segment)? (lfbrand 9)",Q63,"How likely are you to recommend … (… tier, … segment)?",numeric,nps,,,p_lf_loop,,,,,,,"iteration 9 of loop ""lfbrand"""
LF_NPS_10,"How likely are you to recommend … (… tier, … segment)? (lfbrand 10)",Q63,"How likely are you to recommend … (… tier, … segment)?",numeric,nps,,,p_lf_loop,,,,,,,"iteration 10 of loop ""lfbrand"""
LF_NPS_11,"How likely are you to recommend … (… tier, … segment)? (lfbrand 11)",Q63,"How likely are you to recommend … (… tier, … segment)?",numeric,nps,,,p_lf_loop,,,,,,,"iteration 11 of loop ""lfbrand"""
LF_NPS_12,"How likely are you to recommend … (… tier, … segment)? (lfbrand 12)",Q63,"How likely are you to recommend … (… tier, … segment)?",numeric,nps,,,p_lf_loop,,,,,,,"iteration 12 of loop ""lfbrand"""
LF_WHY_1,What is the main reason for your score for …? (lfbrand 1),Q64,What is the main reason for your score for …?,text,long_text,,,p_lf_loop,,,,,,,"iteration 1 of loop ""lfbrand"""
LF_WHY_2,What is the main reason for your score for …? (lfbrand 2),Q64,What is the main reason for your score for …?,text,long_text,,,p_lf_loop,,,,,,,"iteration 2 of loop ""lfbrand"""
LF_WHY_3,What is the main reason for your score for …? (lfbrand 3),Q64,What is the main reason for your score for …?,text,long_text,,,p_lf_loop,,,,,,,"iteration 3 of loop ""lfbrand"""
LF_WHY_4,What is the main reason for your score for …? (lfbrand 4),Q64,What is the main reason for your score for …?,text,long_text,,,p_lf_loop,,,,,,,"iteration 4 of loop ""lfbrand"""
LF_WHY_5,What is the main reason for your score for …? (lfbrand 5),Q64,What is the main reason for your score for …?,text,long_text,,,p_lf_loop,,,,,,,"iteration 5 of loop ""lfbrand"""
LF_WHY_6,What is the main reason for your score for …? (lfbrand 6),Q64,What is the main reason for your score for …?,text,long_text,,,p_lf_loop,,,,,,,"iteration 6 of loop ""lfbrand"""
LF_WHY_7,What is the main reason for your score for …? (lfbrand 7),Q64,What is the main reason for your score for …?,text,long_text,,,p_lf_loop,,,,,,,"iteration 7 of loop ""lfbrand"""
LF_WHY_8,What is the main reason for your score for …? (lfbrand 8),Q64,What is the main reason for your score for …?,text,long_text,,,p_lf_loop,,,,,,,"iteration 8 of loop ""lfbrand"""
LF_WHY_9,What is the main reason for your score for …? (lfbrand 9),Q64,What is the main reason for your score for …?,text,long_text,,,p_lf_loop,,,,,,,"iteration 9 of loop ""lfbrand"""
LF_WHY_10,What is the main reason for your score for …? (lfbrand 10),Q64,What is the main reason for your score for …?,text,long_text,,,p_lf_loop,,,,,,,"iteration 10 of loop ""lfbrand"""
LF_WHY_11,What is the main reason for your score for …? (lfbrand 11),Q64,What is the main reason for your score for …?,text,long_text,,,p_lf_loop,,,,,,,"iteration 11 of loop ""lfbrand"""
LF_WHY_12,What is the main reason for your score for …? (lfbrand 12),Q64,What is the main reason for your score for …?,text,long_text,,,p_lf_loop,,,,,,,"iteration 12 of loop ""lfbrand"""
CURIOUS_BRAND,"Of the brands you know but have not used, which are you most curious about?",Q65,"Of the brands you know but have not used, which are you most curious about?",numeric,single_select,"1,2,3,4,5,6,7,8,9,10,11,12",1=Apple; 2=Samsung; 3=Google; 4=Xiaomi; 5=OnePlus; 6=Sony; 7=Microsoft; 8=Amazon; 9=Huawei; 10=Lenovo; 11=Dell; 12=LG,p_listops_1,,,,,,,
CORE_BRAND,Which of the brands you both use and trust would you call your core brand?,Q67,Which of the brands you both use and trust would you call your core brand?,numeric,single_select,"1,2,3,4,5,6,7,8,9,10,11,12",1=Apple; 2=Samsung; 3=Google; 4=Xiaomi; 5=OnePlus; 6=Sony; 7=Microsoft; 8=Amazon; 9=Huawei; 10=Lenovo; 11=Dell; 12=LG,p_listops_2,,,,,,,
NEVER_SEEN_1,Q68 — Apple,Q68,Which of these brands had you never heard of before today?,numeric,multi_select,"0,1",0=Not selected; 1=Selected,p_listops_2,,,,,,1,
NEVER_SEEN_2,Q68 — Samsung,Q68,Which of these brands had you never heard of before today?,numeric,multi_select,"0,1",0=Not selected; 1=Selected,p_listops_2,,,,,,2,
NEVER_SEEN_3,Q68 — Google,Q68,Which of these brands had you never heard of before today?,numeric,multi_select,"0,1",0=Not selected; 1=Selected,p_listops_2,,,,,,3,
NEVER_SEEN_4,Q68 — Xiaomi,Q68,Which of these brands had you never heard of before today?,numeric,multi_select,"0,1",0=Not selected; 1=Selected,p_listops_2,,,,,,4,
NEVER_SEEN_5,Q68 — OnePlus,Q68,Which of these brands had you never heard of before today?,numeric,multi_select,"0,1",0=Not selected; 1=Selected,p_listops_2,,,,,,5,
NEVER_SEEN_6,Q68 — Sony,Q68,Which of these brands had you never heard of before today?,numeric,multi_select,"0,1",0=Not selected; 1=Selected,p_listops_2,,,,,,6,
NEVER_SEEN_7,Q68 — Microsoft,Q68,Which of these brands had you never heard of before today?,numeric,multi_select,"0,1",0=Not selected; 1=Selected,p_listops_2,,,,,,7,
NEVER_SEEN_8,Q68 — Amazon,Q68,Which of these brands had you never heard of before today?,numeric,multi_select,"0,1",0=Not selected; 1=Selected,p_listops_2,,,,,,8,
NEVER_SEEN_9,Q68 — Huawei,Q68,Which of these brands had you never heard of before today?,numeric,multi_select,"0,1",0=Not selected; 1=Selected,p_listops_2,,,,,,9,
NEVER_SEEN_10,Q68 — Lenovo,Q68,Which of these brands had you never heard of before today?,numeric,multi_select,"0,1",0=Not selected; 1=Selected,p_listops_2,,,,,,10,
NEVER_SEEN_11,Q68 — Dell,Q68,Which of these brands had you never heard of before today?,numeric,multi_select,"0,1",0=Not selected; 1=Selected,p_listops_2,,,,,,11,
NEVER_SEEN_12,Q68 — LG,Q68,Which of these brands had you never heard of before today?,numeric,multi_select,"0,1",0=Not selected; 1=Selected,p_listops_2,,,,,,12,
SORTED_PICK,"From this alphabetical list of the brands you use, which has the best customer service?",Q69,"From this alphabetical list of the brands you use, which has the best customer service?",numeric,single_select,,,p_listops_3,,,,,,,
RANDOM_THREE,"Of these three brands (chosen at random from those you know), which would you research first?",Q70,"Of these three brands (chosen at random from those you know), which would you research first?",numeric,single_select,,,p_listops_3,,,,,,,
MASKED_SET_1,Q71 — Apple,Q71,Which of these brands would you recommend to a friend?,numeric,multi_select,"0,1",0=Not selected; 1=Selected,p_listops_3,,,,,,1,
MASKED_SET_2,Q71 — Samsung,Q71,Which of these brands would you recommend to a friend?,numeric,multi_select,"0,1",0=Not selected; 1=Selected,p_listops_3,,,,,,2,
MASKED_SET_3,Q71 — Google,Q71,Which of these brands would you recommend to a friend?,numeric,multi_select,"0,1",0=Not selected; 1=Selected,p_listops_3,,,,,,3,
MASKED_SET_4,Q71 — Xiaomi,Q71,Which of these brands would you recommend to a friend?,numeric,multi_select,"0,1",0=Not selected; 1=Selected,p_listops_3,,,,,,4,
MASKED_SET_5,Q71 — OnePlus,Q71,Which of these brands would you recommend to a friend?,numeric,multi_select,"0,1",0=Not selected; 1=Selected,p_listops_3,,,,,,5,
MASKED_SET_6,Q71 — Sony,Q71,Which of these brands would you recommend to a friend?,numeric,multi_select,"0,1",0=Not selected; 1=Selected,p_listops_3,,,,,,6,
MASKED_SET_7,Q71 — Microsoft,Q71,Which of these brands would you recommend to a friend?,numeric,multi_select,"0,1",0=Not selected; 1=Selected,p_listops_3,,,,,,7,
MASKED_SET_8,Q71 — Amazon,Q71,Which of these brands would you recommend to a friend?,numeric,multi_select,"0,1",0=Not selected; 1=Selected,p_listops_3,,,,,,8,
MASKED_SET_9,Q71 — Huawei,Q71,Which of these brands would you recommend to a friend?,numeric,multi_select,"0,1",0=Not selected; 1=Selected,p_listops_3,,,,,,9,
MASKED_SET_10,Q71 — Lenovo,Q71,Which of these brands would you recommend to a friend?,numeric,multi_select,"0,1",0=Not selected; 1=Selected,p_listops_3,,,,,,10,
MASKED_SET_11,Q71 — Dell,Q71,Which of these brands would you recommend to a friend?,numeric,multi_select,"0,1",0=Not selected; 1=Selected,p_listops_3,,,,,,11,
MASKED_SET_12,Q71 — LG,Q71,Which of these brands would you recommend to a friend?,numeric,multi_select,"0,1",0=Not selected; 1=Selected,p_listops_3,,,,,,12,
PRIORITIZED_PICK,Which brand would you buy from tomorrow?,Q72,Which brand would you buy from tomorrow?,numeric,single_select,,,p_listops_3,,,,,,,
L1_FAMILIAR_1,How familiar are you with …? (brand 1),Q73,How familiar are you with …?,numeric,single_select,"1,2,3,4",1=Very familiar; 2=Somewhat familiar; 3=Heard of it only; 4=Not familiar,p_l1_a,,,,,,,"iteration 1 of loop ""brand"""
L1_FAMILIAR_2,How familiar are you with …? (brand 2),Q73,How familiar are you with …?,numeric,single_select,"1,2,3,4",1=Very familiar; 2=Somewhat familiar; 3=Heard of it only; 4=Not familiar,p_l1_a,,,,,,,"iteration 2 of loop ""brand"""
L1_FAMILIAR_3,How familiar are you with …? (brand 3),Q73,How familiar are you with …?,numeric,single_select,"1,2,3,4",1=Very familiar; 2=Somewhat familiar; 3=Heard of it only; 4=Not familiar,p_l1_a,,,,,,,"iteration 3 of loop ""brand"""
L1_FAMILIAR_4,How familiar are you with …? (brand 4),Q73,How familiar are you with …?,numeric,single_select,"1,2,3,4",1=Very familiar; 2=Somewhat familiar; 3=Heard of it only; 4=Not familiar,p_l1_a,,,,,,,"iteration 4 of loop ""brand"""
L1_FAMILIAR_5,How familiar are you with …? (brand 5),Q73,How familiar are you with …?,numeric,single_select,"1,2,3,4",1=Very familiar; 2=Somewhat familiar; 3=Heard of it only; 4=Not familiar,p_l1_a,,,,,,,"iteration 5 of loop ""brand"""
L1_FAMILIAR_6,How familiar are you with …? (brand 6),Q73,How familiar are you with …?,numeric,single_select,"1,2,3,4",1=Very familiar; 2=Somewhat familiar; 3=Heard of it only; 4=Not familiar,p_l1_a,,,,,,,"iteration 6 of loop ""brand"""
L1_FAMILIAR_7,How familiar are you with …? (brand 7),Q73,How familiar are you with …?,numeric,single_select,"1,2,3,4",1=Very familiar; 2=Somewhat familiar; 3=Heard of it only; 4=Not familiar,p_l1_a,,,,,,,"iteration 7 of loop ""brand"""
L1_FAMILIAR_8,How familiar are you with …? (brand 8),Q73,How familiar are you with …?,numeric,single_select,"1,2,3,4",1=Very familiar; 2=Somewhat familiar; 3=Heard of it only; 4=Not familiar,p_l1_a,,,,,,,"iteration 8 of loop ""brand"""
L1_FAMILIAR_9,How familiar are you with …? (brand 9),Q73,How familiar are you with …?,numeric,single_select,"1,2,3,4",1=Very familiar; 2=Somewhat familiar; 3=Heard of it only; 4=Not familiar,p_l1_a,,,,,,,"iteration 9 of loop ""brand"""
L1_FAMILIAR_10,How familiar are you with …? (brand 10),Q73,How familiar are you with …?,numeric,single_select,"1,2,3,4",1=Very familiar; 2=Somewhat familiar; 3=Heard of it only; 4=Not familiar,p_l1_a,,,,,,,"iteration 10 of loop ""brand"""
L1_FAMILIAR_11,How familiar are you with …? (brand 11),Q73,How familiar are you with …?,numeric,single_select,"1,2,3,4",1=Very familiar; 2=Somewhat familiar; 3=Heard of it only; 4=Not familiar,p_l1_a,,,,,,,"iteration 11 of loop ""brand"""
L1_FAMILIAR_12,How familiar are you with …? (brand 12),Q73,How familiar are you with …?,numeric,single_select,"1,2,3,4",1=Very familiar; 2=Somewhat familiar; 3=Heard of it only; 4=Not familiar,p_l1_a,,,,,,,"iteration 12 of loop ""brand"""
L1_FREQ_1,How frequently do you use … products or services? (brand … of …) (brand 1),Q74,How frequently do you use … products or services? (brand … of …),numeric,single_select,"1,2,3,4,5,6",1=Daily; 2=Several times a week; 3=Weekly; 4=Monthly; 5=Less often; 6=Never,p_l1_a,,,,,,,"iteration 1 of loop ""brand"""
L1_FREQ_2,How frequently do you use … products or services? (brand … of …) (brand 2),Q74,How frequently do you use … products or services? (brand … of …),numeric,single_select,"1,2,3,4,5,6",1=Daily; 2=Several times a week; 3=Weekly; 4=Monthly; 5=Less often; 6=Never,p_l1_a,,,,,,,"iteration 2 of loop ""brand"""
L1_FREQ_3,How frequently do you use … products or services? (brand … of …) (brand 3),Q74,How frequently do you use … products or services? (brand … of …),numeric,single_select,"1,2,3,4,5,6",1=Daily; 2=Several times a week; 3=Weekly; 4=Monthly; 5=Less often; 6=Never,p_l1_a,,,,,,,"iteration 3 of loop ""brand"""
L1_FREQ_4,How frequently do you use … products or services? (brand … of …) (brand 4),Q74,How frequently do you use … products or services? (brand … of …),numeric,single_select,"1,2,3,4,5,6",1=Daily; 2=Several times a week; 3=Weekly; 4=Monthly; 5=Less often; 6=Never,p_l1_a,,,,,,,"iteration 4 of loop ""brand"""
L1_FREQ_5,How frequently do you use … products or services? (brand … of …) (brand 5),Q74,How frequently do you use … products or services? (brand … of …),numeric,single_select,"1,2,3,4,5,6",1=Daily; 2=Several times a week; 3=Weekly; 4=Monthly; 5=Less often; 6=Never,p_l1_a,,,,,,,"iteration 5 of loop ""brand"""
L1_FREQ_6,How frequently do you use … products or services? (brand … of …) (brand 6),Q74,How frequently do you use … products or services? (brand … of …),numeric,single_select,"1,2,3,4,5,6",1=Daily; 2=Several times a week; 3=Weekly; 4=Monthly; 5=Less often; 6=Never,p_l1_a,,,,,,,"iteration 6 of loop ""brand"""
L1_FREQ_7,How frequently do you use … products or services? (brand … of …) (brand 7),Q74,How frequently do you use … products or services? (brand … of …),numeric,single_select,"1,2,3,4,5,6",1=Daily; 2=Several times a week; 3=Weekly; 4=Monthly; 5=Less often; 6=Never,p_l1_a,,,,,,,"iteration 7 of loop ""brand"""
L1_FREQ_8,How frequently do you use … products or services? (brand … of …) (brand 8),Q74,How frequently do you use … products or services? (brand … of …),numeric,single_select,"1,2,3,4,5,6",1=Daily; 2=Several times a week; 3=Weekly; 4=Monthly; 5=Less often; 6=Never,p_l1_a,,,,,,,"iteration 8 of loop ""brand"""
L1_FREQ_9,How frequently do you use … products or services? (brand … of …) (brand 9),Q74,How frequently do you use … products or services? (brand … of …),numeric,single_select,"1,2,3,4,5,6",1=Daily; 2=Several times a week; 3=Weekly; 4=Monthly; 5=Less often; 6=Never,p_l1_a,,,,,,,"iteration 9 of loop ""brand"""
L1_FREQ_10,How frequently do you use … products or services? (brand … of …) (brand 10),Q74,How frequently do you use … products or services? (brand … of …),numeric,single_select,"1,2,3,4,5,6",1=Daily; 2=Several times a week; 3=Weekly; 4=Monthly; 5=Less often; 6=Never,p_l1_a,,,,,,,"iteration 10 of loop ""brand"""
L1_FREQ_11,How frequently do you use … products or services? (brand … of …) (brand 11),Q74,How frequently do you use … products or services? (brand … of …),numeric,single_select,"1,2,3,4,5,6",1=Daily; 2=Several times a week; 3=Weekly; 4=Monthly; 5=Less often; 6=Never,p_l1_a,,,,,,,"iteration 11 of loop ""brand"""
L1_FREQ_12,How frequently do you use … products or services? (brand … of …) (brand 12),Q74,How frequently do you use … products or services? (brand … of …),numeric,single_select,"1,2,3,4,5,6",1=Daily; 2=Several times a week; 3=Weekly; 4=Monthly; 5=Less often; 6=Never,p_l1_a,,,,,,,"iteration 12 of loop ""brand"""
L1_SAT_1,"Please rate …, product …, in the … category. (brand 1)",Q75,"Please rate …, product …, in the … category.",numeric,slider,,,p_l1_a,,,,,,,"iteration 1 of loop ""brand"""
L1_SAT_2,"Please rate …, product …, in the … category. (brand 2)",Q75,"Please rate …, product …, in the … category.",numeric,slider,,,p_l1_a,,,,,,,"iteration 2 of loop ""brand"""
L1_SAT_3,"Please rate …, product …, in the … category. (brand 3)",Q75,"Please rate …, product …, in the … category.",numeric,slider,,,p_l1_a,,,,,,,"iteration 3 of loop ""brand"""
L1_SAT_4,"Please rate …, product …, in the … category. (brand 4)",Q75,"Please rate …, product …, in the … category.",numeric,slider,,,p_l1_a,,,,,,,"iteration 4 of loop ""brand"""
L1_SAT_5,"Please rate …, product …, in the … category. (brand 5)",Q75,"Please rate …, product …, in the … category.",numeric,slider,,,p_l1_a,,,,,,,"iteration 5 of loop ""brand"""
L1_SAT_6,"Please rate …, product …, in the … category. (brand 6)",Q75,"Please rate …, product …, in the … category.",numeric,slider,,,p_l1_a,,,,,,,"iteration 6 of loop ""brand"""
L1_SAT_7,"Please rate …, product …, in the … category. (brand 7)",Q75,"Please rate …, product …, in the … category.",numeric,slider,,,p_l1_a,,,,,,,"iteration 7 of loop ""brand"""
L1_SAT_8,"Please rate …, product …, in the … category. (brand 8)",Q75,"Please rate …, product …, in the … category.",numeric,slider,,,p_l1_a,,,,,,,"iteration 8 of loop ""brand"""
L1_SAT_9,"Please rate …, product …, in the … category. (brand 9)",Q75,"Please rate …, product …, in the … category.",numeric,slider,,,p_l1_a,,,,,,,"iteration 9 of loop ""brand"""
L1_SAT_10,"Please rate …, product …, in the … category. (brand 10)",Q75,"Please rate …, product …, in the … category.",numeric,slider,,,p_l1_a,,,,,,,"iteration 10 of loop ""brand"""
L1_SAT_11,"Please rate …, product …, in the … category. (brand 11)",Q75,"Please rate …, product …, in the … category.",numeric,slider,,,p_l1_a,,,,,,,"iteration 11 of loop ""brand"""
L1_SAT_12,"Please rate …, product …, in the … category. (brand 12)",Q75,"Please rate …, product …, in the … category.",numeric,slider,,,p_l1_a,,,,,,,"iteration 12 of loop ""brand"""
L1_WHY_1,Why do you use …? (brand 1),Q76,Why do you use …?,text,long_text,,,p_l1_b,,,,,,,"iteration 1 of loop ""brand"""
L1_WHY_2,Why do you use …? (brand 2),Q76,Why do you use …?,text,long_text,,,p_l1_b,,,,,,,"iteration 2 of loop ""brand"""
L1_WHY_3,Why do you use …? (brand 3),Q76,Why do you use …?,text,long_text,,,p_l1_b,,,,,,,"iteration 3 of loop ""brand"""
L1_WHY_4,Why do you use …? (brand 4),Q76,Why do you use …?,text,long_text,,,p_l1_b,,,,,,,"iteration 4 of loop ""brand"""
L1_WHY_5,Why do you use …? (brand 5),Q76,Why do you use …?,text,long_text,,,p_l1_b,,,,,,,"iteration 5 of loop ""brand"""
L1_WHY_6,Why do you use …? (brand 6),Q76,Why do you use …?,text,long_text,,,p_l1_b,,,,,,,"iteration 6 of loop ""brand"""
L1_WHY_7,Why do you use …? (brand 7),Q76,Why do you use …?,text,long_text,,,p_l1_b,,,,,,,"iteration 7 of loop ""brand"""
L1_WHY_8,Why do you use …? (brand 8),Q76,Why do you use …?,text,long_text,,,p_l1_b,,,,,,,"iteration 8 of loop ""brand"""
L1_WHY_9,Why do you use …? (brand 9),Q76,Why do you use …?,text,long_text,,,p_l1_b,,,,,,,"iteration 9 of loop ""brand"""
L1_WHY_10,Why do you use …? (brand 10),Q76,Why do you use …?,text,long_text,,,p_l1_b,,,,,,,"iteration 10 of loop ""brand"""
L1_WHY_11,Why do you use …? (brand 11),Q76,Why do you use …?,text,long_text,,,p_l1_b,,,,,,,"iteration 11 of loop ""brand"""
L1_WHY_12,Why do you use …? (brand 12),Q76,Why do you use …?,text,long_text,,,p_l1_b,,,,,,,"iteration 12 of loop ""brand"""
L1_NPS_1,How likely are you to buy from … again? (brand 1),Q77,How likely are you to buy from … again?,numeric,nps,,,p_l1_b,,,,,,,"iteration 1 of loop ""brand"""
L1_NPS_2,How likely are you to buy from … again? (brand 2),Q77,How likely are you to buy from … again?,numeric,nps,,,p_l1_b,,,,,,,"iteration 2 of loop ""brand"""
L1_NPS_3,How likely are you to buy from … again? (brand 3),Q77,How likely are you to buy from … again?,numeric,nps,,,p_l1_b,,,,,,,"iteration 3 of loop ""brand"""
L1_NPS_4,How likely are you to buy from … again? (brand 4),Q77,How likely are you to buy from … again?,numeric,nps,,,p_l1_b,,,,,,,"iteration 4 of loop ""brand"""
L1_NPS_5,How likely are you to buy from … again? (brand 5),Q77,How likely are you to buy from … again?,numeric,nps,,,p_l1_b,,,,,,,"iteration 5 of loop ""brand"""
L1_NPS_6,How likely are you to buy from … again? (brand 6),Q77,How likely are you to buy from … again?,numeric,nps,,,p_l1_b,,,,,,,"iteration 6 of loop ""brand"""
L1_NPS_7,How likely are you to buy from … again? (brand 7),Q77,How likely are you to buy from … again?,numeric,nps,,,p_l1_b,,,,,,,"iteration 7 of loop ""brand"""
L1_NPS_8,How likely are you to buy from … again? (brand 8),Q77,How likely are you to buy from … again?,numeric,nps,,,p_l1_b,,,,,,,"iteration 8 of loop ""brand"""
L1_NPS_9,How likely are you to buy from … again? (brand 9),Q77,How likely are you to buy from … again?,numeric,nps,,,p_l1_b,,,,,,,"iteration 9 of loop ""brand"""
L1_NPS_10,How likely are you to buy from … again? (brand 10),Q77,How likely are you to buy from … again?,numeric,nps,,,p_l1_b,,,,,,,"iteration 10 of loop ""brand"""
L1_NPS_11,How likely are you to buy from … again? (brand 11),Q77,How likely are you to buy from … again?,numeric,nps,,,p_l1_b,,,,,,,"iteration 11 of loop ""brand"""
L1_NPS_12,How likely are you to buy from … again? (brand 12),Q77,How likely are you to buy from … again?,numeric,nps,,,p_l1_b,,,,,,,"iteration 12 of loop ""brand"""
L1_ATTR_1_quality,Q78 — Product quality (brand 1),Q78,"As a … company headquartered in …, how does … perform on…",numeric,matrix_single,"1,2,3,4,5",1=Poor; 2=Fair; 3=Good; 4=Very good; 5=Excellent,p_l1_b,,,,quality,,,"iteration 1 of loop ""brand"""
L1_ATTR_1_value,Q78 — Value for money (brand 1),Q78,"As a … company headquartered in …, how does … perform on…",numeric,matrix_single,"1,2,3,4,5",1=Poor; 2=Fair; 3=Good; 4=Very good; 5=Excellent,p_l1_b,,,,value,,,"iteration 1 of loop ""brand"""
L1_ATTR_1_innovation,Q78 — Innovation (brand 1),Q78,"As a … company headquartered in …, how does … perform on…",numeric,matrix_single,"1,2,3,4,5",1=Poor; 2=Fair; 3=Good; 4=Very good; 5=Excellent,p_l1_b,,,,innovation,,,"iteration 1 of loop ""brand"""
L1_ATTR_1_trust,Q78 — Trustworthiness (brand 1),Q78,"As a … company headquartered in …, how does … perform on…",numeric,matrix_single,"1,2,3,4,5",1=Poor; 2=Fair; 3=Good; 4=Very good; 5=Excellent,p_l1_b,,,,trust,,,"iteration 1 of loop ""brand"""
L1_ATTR_2_quality,Q78 — Product quality (brand 2),Q78,"As a … company headquartered in …, how does … perform on…",numeric,matrix_single,"1,2,3,4,5",1=Poor; 2=Fair; 3=Good; 4=Very good; 5=Excellent,p_l1_b,,,,quality,,,"iteration 2 of loop ""brand"""
L1_ATTR_2_value,Q78 — Value for money (brand 2),Q78,"As a … company headquartered in …, how does … perform on…",numeric,matrix_single,"1,2,3,4,5",1=Poor; 2=Fair; 3=Good; 4=Very good; 5=Excellent,p_l1_b,,,,value,,,"iteration 2 of loop ""brand"""
L1_ATTR_2_innovation,Q78 — Innovation (brand 2),Q78,"As a … company headquartered in …, how does … perform on…",numeric,matrix_single,"1,2,3,4,5",1=Poor; 2=Fair; 3=Good; 4=Very good; 5=Excellent,p_l1_b,,,,innovation,,,"iteration 2 of loop ""brand"""
L1_ATTR_2_trust,Q78 — Trustworthiness (brand 2),Q78,"As a … company headquartered in …, how does … perform on…",numeric,matrix_single,"1,2,3,4,5",1=Poor; 2=Fair; 3=Good; 4=Very good; 5=Excellent,p_l1_b,,,,trust,,,"iteration 2 of loop ""brand"""
L1_ATTR_3_quality,Q78 — Product quality (brand 3),Q78,"As a … company headquartered in …, how does … perform on…",numeric,matrix_single,"1,2,3,4,5",1=Poor; 2=Fair; 3=Good; 4=Very good; 5=Excellent,p_l1_b,,,,quality,,,"iteration 3 of loop ""brand"""
L1_ATTR_3_value,Q78 — Value for money (brand 3),Q78,"As a … company headquartered in …, how does … perform on…",numeric,matrix_single,"1,2,3,4,5",1=Poor; 2=Fair; 3=Good; 4=Very good; 5=Excellent,p_l1_b,,,,value,,,"iteration 3 of loop ""brand"""
L1_ATTR_3_innovation,Q78 — Innovation (brand 3),Q78,"As a … company headquartered in …, how does … perform on…",numeric,matrix_single,"1,2,3,4,5",1=Poor; 2=Fair; 3=Good; 4=Very good; 5=Excellent,p_l1_b,,,,innovation,,,"iteration 3 of loop ""brand"""
L1_ATTR_3_trust,Q78 — Trustworthiness (brand 3),Q78,"As a … company headquartered in …, how does … perform on…",numeric,matrix_single,"1,2,3,4,5",1=Poor; 2=Fair; 3=Good; 4=Very good; 5=Excellent,p_l1_b,,,,trust,,,"iteration 3 of loop ""brand"""
L1_ATTR_4_quality,Q78 — Product quality (brand 4),Q78,"As a … company headquartered in …, how does … perform on…",numeric,matrix_single,"1,2,3,4,5",1=Poor; 2=Fair; 3=Good; 4=Very good; 5=Excellent,p_l1_b,,,,quality,,,"iteration 4 of loop ""brand"""
L1_ATTR_4_value,Q78 — Value for money (brand 4),Q78,"As a … company headquartered in …, how does … perform on…",numeric,matrix_single,"1,2,3,4,5",1=Poor; 2=Fair; 3=Good; 4=Very good; 5=Excellent,p_l1_b,,,,value,,,"iteration 4 of loop ""brand"""
L1_ATTR_4_innovation,Q78 — Innovation (brand 4),Q78,"As a … company headquartered in …, how does … perform on…",numeric,matrix_single,"1,2,3,4,5",1=Poor; 2=Fair; 3=Good; 4=Very good; 5=Excellent,p_l1_b,,,,innovation,,,"iteration 4 of loop ""brand"""
L1_ATTR_4_trust,Q78 — Trustworthiness (brand 4),Q78,"As a … company headquartered in …, how does … perform on…",numeric,matrix_single,"1,2,3,4,5",1=Poor; 2=Fair; 3=Good; 4=Very good; 5=Excellent,p_l1_b,,,,trust,,,"iteration 4 of loop ""brand"""
L1_ATTR_5_quality,Q78 — Product quality (brand 5),Q78,"As a … company headquartered in …, how does … perform on…",numeric,matrix_single,"1,2,3,4,5",1=Poor; 2=Fair; 3=Good; 4=Very good; 5=Excellent,p_l1_b,,,,quality,,,"iteration 5 of loop ""brand"""
L1_ATTR_5_value,Q78 — Value for money (brand 5),Q78,"As a … company headquartered in …, how does … perform on…",numeric,matrix_single,"1,2,3,4,5",1=Poor; 2=Fair; 3=Good; 4=Very good; 5=Excellent,p_l1_b,,,,value,,,"iteration 5 of loop ""brand"""
L1_ATTR_5_innovation,Q78 — Innovation (brand 5),Q78,"As a … company headquartered in …, how does … perform on…",numeric,matrix_single,"1,2,3,4,5",1=Poor; 2=Fair; 3=Good; 4=Very good; 5=Excellent,p_l1_b,,,,innovation,,,"iteration 5 of loop ""brand"""
L1_ATTR_5_trust,Q78 — Trustworthiness (brand 5),Q78,"As a … company headquartered in …, how does … perform on…",numeric,matrix_single,"1,2,3,4,5",1=Poor; 2=Fair; 3=Good; 4=Very good; 5=Excellent,p_l1_b,,,,trust,,,"iteration 5 of loop ""brand"""
L1_ATTR_6_quality,Q78 — Product quality (brand 6),Q78,"As a … company headquartered in …, how does … perform on…",numeric,matrix_single,"1,2,3,4,5",1=Poor; 2=Fair; 3=Good; 4=Very good; 5=Excellent,p_l1_b,,,,quality,,,"iteration 6 of loop ""brand"""
L1_ATTR_6_value,Q78 — Value for money (brand 6),Q78,"As a … company headquartered in …, how does … perform on…",numeric,matrix_single,"1,2,3,4,5",1=Poor; 2=Fair; 3=Good; 4=Very good; 5=Excellent,p_l1_b,,,,value,,,"iteration 6 of loop ""brand"""
L1_ATTR_6_innovation,Q78 — Innovation (brand 6),Q78,"As a … company headquartered in …, how does … perform on…",numeric,matrix_single,"1,2,3,4,5",1=Poor; 2=Fair; 3=Good; 4=Very good; 5=Excellent,p_l1_b,,,,innovation,,,"iteration 6 of loop ""brand"""
L1_ATTR_6_trust,Q78 — Trustworthiness (brand 6),Q78,"As a … company headquartered in …, how does … perform on…",numeric,matrix_single,"1,2,3,4,5",1=Poor; 2=Fair; 3=Good; 4=Very good; 5=Excellent,p_l1_b,,,,trust,,,"iteration 6 of loop ""brand"""
L1_ATTR_7_quality,Q78 — Product quality (brand 7),Q78,"As a … company headquartered in …, how does … perform on…",numeric,matrix_single,"1,2,3,4,5",1=Poor; 2=Fair; 3=Good; 4=Very good; 5=Excellent,p_l1_b,,,,quality,,,"iteration 7 of loop ""brand"""
L1_ATTR_7_value,Q78 — Value for money (brand 7),Q78,"As a … company headquartered in …, how does … perform on…",numeric,matrix_single,"1,2,3,4,5",1=Poor; 2=Fair; 3=Good; 4=Very good; 5=Excellent,p_l1_b,,,,value,,,"iteration 7 of loop ""brand"""
L1_ATTR_7_innovation,Q78 — Innovation (brand 7),Q78,"As a … company headquartered in …, how does … perform on…",numeric,matrix_single,"1,2,3,4,5",1=Poor; 2=Fair; 3=Good; 4=Very good; 5=Excellent,p_l1_b,,,,innovation,,,"iteration 7 of loop ""brand"""
L1_ATTR_7_trust,Q78 — Trustworthiness (brand 7),Q78,"As a … company headquartered in …, how does … perform on…",numeric,matrix_single,"1,2,3,4,5",1=Poor; 2=Fair; 3=Good; 4=Very good; 5=Excellent,p_l1_b,,,,trust,,,"iteration 7 of loop ""brand"""
L1_ATTR_8_quality,Q78 — Product quality (brand 8),Q78,"As a … company headquartered in …, how does … perform on…",numeric,matrix_single,"1,2,3,4,5",1=Poor; 2=Fair; 3=Good; 4=Very good; 5=Excellent,p_l1_b,,,,quality,,,"iteration 8 of loop ""brand"""
L1_ATTR_8_value,Q78 — Value for money (brand 8),Q78,"As a … company headquartered in …, how does … perform on…",numeric,matrix_single,"1,2,3,4,5",1=Poor; 2=Fair; 3=Good; 4=Very good; 5=Excellent,p_l1_b,,,,value,,,"iteration 8 of loop ""brand"""
L1_ATTR_8_innovation,Q78 — Innovation (brand 8),Q78,"As a … company headquartered in …, how does … perform on…",numeric,matrix_single,"1,2,3,4,5",1=Poor; 2=Fair; 3=Good; 4=Very good; 5=Excellent,p_l1_b,,,,innovation,,,"iteration 8 of loop ""brand"""
L1_ATTR_8_trust,Q78 — Trustworthiness (brand 8),Q78,"As a … company headquartered in …, how does … perform on…",numeric,matrix_single,"1,2,3,4,5",1=Poor; 2=Fair; 3=Good; 4=Very good; 5=Excellent,p_l1_b,,,,trust,,,"iteration 8 of loop ""brand"""
L1_ATTR_9_quality,Q78 — Product quality (brand 9),Q78,"As a … company headquartered in …, how does … perform on…",numeric,matrix_single,"1,2,3,4,5",1=Poor; 2=Fair; 3=Good; 4=Very good; 5=Excellent,p_l1_b,,,,quality,,,"iteration 9 of loop ""brand"""
L1_ATTR_9_value,Q78 — Value for money (brand 9),Q78,"As a … company headquartered in …, how does … perform on…",numeric,matrix_single,"1,2,3,4,5",1=Poor; 2=Fair; 3=Good; 4=Very good; 5=Excellent,p_l1_b,,,,value,,,"iteration 9 of loop ""brand"""
L1_ATTR_9_innovation,Q78 — Innovation (brand 9),Q78,"As a … company headquartered in …, how does … perform on…",numeric,matrix_single,"1,2,3,4,5",1=Poor; 2=Fair; 3=Good; 4=Very good; 5=Excellent,p_l1_b,,,,innovation,,,"iteration 9 of loop ""brand"""
L1_ATTR_9_trust,Q78 — Trustworthiness (brand 9),Q78,"As a … company headquartered in …, how does … perform on…",numeric,matrix_single,"1,2,3,4,5",1=Poor; 2=Fair; 3=Good; 4=Very good; 5=Excellent,p_l1_b,,,,trust,,,"iteration 9 of loop ""brand"""
L1_ATTR_10_quality,Q78 — Product quality (brand 10),Q78,"As a … company headquartered in …, how does … perform on…",numeric,matrix_single,"1,2,3,4,5",1=Poor; 2=Fair; 3=Good; 4=Very good; 5=Excellent,p_l1_b,,,,quality,,,"iteration 10 of loop ""brand"""
L1_ATTR_10_value,Q78 — Value for money (brand 10),Q78,"As a … company headquartered in …, how does … perform on…",numeric,matrix_single,"1,2,3,4,5",1=Poor; 2=Fair; 3=Good; 4=Very good; 5=Excellent,p_l1_b,,,,value,,,"iteration 10 of loop ""brand"""
L1_ATTR_10_innovation,Q78 — Innovation (brand 10),Q78,"As a … company headquartered in …, how does … perform on…",numeric,matrix_single,"1,2,3,4,5",1=Poor; 2=Fair; 3=Good; 4=Very good; 5=Excellent,p_l1_b,,,,innovation,,,"iteration 10 of loop ""brand"""
L1_ATTR_10_trust,Q78 — Trustworthiness (brand 10),Q78,"As a … company headquartered in …, how does … perform on…",numeric,matrix_single,"1,2,3,4,5",1=Poor; 2=Fair; 3=Good; 4=Very good; 5=Excellent,p_l1_b,,,,trust,,,"iteration 10 of loop ""brand"""
L1_ATTR_11_quality,Q78 — Product quality (brand 11),Q78,"As a … company headquartered in …, how does … perform on…",numeric,matrix_single,"1,2,3,4,5",1=Poor; 2=Fair; 3=Good; 4=Very good; 5=Excellent,p_l1_b,,,,quality,,,"iteration 11 of loop ""brand"""
L1_ATTR_11_value,Q78 — Value for money (brand 11),Q78,"As a … company headquartered in …, how does … perform on…",numeric,matrix_single,"1,2,3,4,5",1=Poor; 2=Fair; 3=Good; 4=Very good; 5=Excellent,p_l1_b,,,,value,,,"iteration 11 of loop ""brand"""
L1_ATTR_11_innovation,Q78 — Innovation (brand 11),Q78,"As a … company headquartered in …, how does … perform on…",numeric,matrix_single,"1,2,3,4,5",1=Poor; 2=Fair; 3=Good; 4=Very good; 5=Excellent,p_l1_b,,,,innovation,,,"iteration 11 of loop ""brand"""
L1_ATTR_11_trust,Q78 — Trustworthiness (brand 11),Q78,"As a … company headquartered in …, how does … perform on…",numeric,matrix_single,"1,2,3,4,5",1=Poor; 2=Fair; 3=Good; 4=Very good; 5=Excellent,p_l1_b,,,,trust,,,"iteration 11 of loop ""brand"""
L1_ATTR_12_quality,Q78 — Product quality (brand 12),Q78,"As a … company headquartered in …, how does … perform on…",numeric,matrix_single,"1,2,3,4,5",1=Poor; 2=Fair; 3=Good; 4=Very good; 5=Excellent,p_l1_b,,,,quality,,,"iteration 12 of loop ""brand"""
L1_ATTR_12_value,Q78 — Value for money (brand 12),Q78,"As a … company headquartered in …, how does … perform on…",numeric,matrix_single,"1,2,3,4,5",1=Poor; 2=Fair; 3=Good; 4=Very good; 5=Excellent,p_l1_b,,,,value,,,"iteration 12 of loop ""brand"""
L1_ATTR_12_innovation,Q78 — Innovation (brand 12),Q78,"As a … company headquartered in …, how does … perform on…",numeric,matrix_single,"1,2,3,4,5",1=Poor; 2=Fair; 3=Good; 4=Very good; 5=Excellent,p_l1_b,,,,innovation,,,"iteration 12 of loop ""brand"""
L1_ATTR_12_trust,Q78 — Trustworthiness (brand 12),Q78,"As a … company headquartered in …, how does … perform on…",numeric,matrix_single,"1,2,3,4,5",1=Poor; 2=Fair; 3=Good; 4=Very good; 5=Excellent,p_l1_b,,,,trust,,,"iteration 12 of loop ""brand"""
L1_PHONE_OS_SAT_1,How satisfied are you with the software updates on your … smartphone? (brand 1),Q79,How satisfied are you with the software updates on your … smartphone?,numeric,single_select,"1,2,3,4,5",1=Very dissatisfied; 2=Dissatisfied; 3=Neutral; 4=Satisfied; 5=Very satisfied,p_l1_c,,,,,,,"iteration 1 of loop ""brand"""
L1_PHONE_OS_SAT_2,How satisfied are you with the software updates on your … smartphone? (brand 2),Q79,How satisfied are you with the software updates on your … smartphone?,numeric,single_select,"1,2,3,4,5",1=Very dissatisfied; 2=Dissatisfied; 3=Neutral; 4=Satisfied; 5=Very satisfied,p_l1_c,,,,,,,"iteration 2 of loop ""brand"""
L1_PHONE_OS_SAT_3,How satisfied are you with the software updates on your … smartphone? (brand 3),Q79,How satisfied are you with the software updates on your … smartphone?,numeric,single_select,"1,2,3,4,5",1=Very dissatisfied; 2=Dissatisfied; 3=Neutral; 4=Satisfied; 5=Very satisfied,p_l1_c,,,,,,,"iteration 3 of loop ""brand"""
L1_PHONE_OS_SAT_4,How satisfied are you with the software updates on your … smartphone? (brand 4),Q79,How satisfied are you with the software updates on your … smartphone?,numeric,single_select,"1,2,3,4,5",1=Very dissatisfied; 2=Dissatisfied; 3=Neutral; 4=Satisfied; 5=Very satisfied,p_l1_c,,,,,,,"iteration 4 of loop ""brand"""
L1_PHONE_OS_SAT_5,How satisfied are you with the software updates on your … smartphone? (brand 5),Q79,How satisfied are you with the software updates on your … smartphone?,numeric,single_select,"1,2,3,4,5",1=Very dissatisfied; 2=Dissatisfied; 3=Neutral; 4=Satisfied; 5=Very satisfied,p_l1_c,,,,,,,"iteration 5 of loop ""brand"""
L1_PHONE_OS_SAT_6,How satisfied are you with the software updates on your … smartphone? (brand 6),Q79,How satisfied are you with the software updates on your … smartphone?,numeric,single_select,"1,2,3,4,5",1=Very dissatisfied; 2=Dissatisfied; 3=Neutral; 4=Satisfied; 5=Very satisfied,p_l1_c,,,,,,,"iteration 6 of loop ""brand"""
L1_PHONE_OS_SAT_7,How satisfied are you with the software updates on your … smartphone? (brand 7),Q79,How satisfied are you with the software updates on your … smartphone?,numeric,single_select,"1,2,3,4,5",1=Very dissatisfied; 2=Dissatisfied; 3=Neutral; 4=Satisfied; 5=Very satisfied,p_l1_c,,,,,,,"iteration 7 of loop ""brand"""
L1_PHONE_OS_SAT_8,How satisfied are you with the software updates on your … smartphone? (brand 8),Q79,How satisfied are you with the software updates on your … smartphone?,numeric,single_select,"1,2,3,4,5",1=Very dissatisfied; 2=Dissatisfied; 3=Neutral; 4=Satisfied; 5=Very satisfied,p_l1_c,,,,,,,"iteration 8 of loop ""brand"""
L1_PHONE_OS_SAT_9,How satisfied are you with the software updates on your … smartphone? (brand 9),Q79,How satisfied are you with the software updates on your … smartphone?,numeric,single_select,"1,2,3,4,5",1=Very dissatisfied; 2=Dissatisfied; 3=Neutral; 4=Satisfied; 5=Very satisfied,p_l1_c,,,,,,,"iteration 9 of loop ""brand"""
L1_PHONE_OS_SAT_10,How satisfied are you with the software updates on your … smartphone? (brand 10),Q79,How satisfied are you with the software updates on your … smartphone?,numeric,single_select,"1,2,3,4,5",1=Very dissatisfied; 2=Dissatisfied; 3=Neutral; 4=Satisfied; 5=Very satisfied,p_l1_c,,,,,,,"iteration 10 of loop ""brand"""
L1_PHONE_OS_SAT_11,How satisfied are you with the software updates on your … smartphone? (brand 11),Q79,How satisfied are you with the software updates on your … smartphone?,numeric,single_select,"1,2,3,4,5",1=Very dissatisfied; 2=Dissatisfied; 3=Neutral; 4=Satisfied; 5=Very satisfied,p_l1_c,,,,,,,"iteration 11 of loop ""brand"""
L1_PHONE_OS_SAT_12,How satisfied are you with the software updates on your … smartphone? (brand 12),Q79,How satisfied are you with the software updates on your … smartphone?,numeric,single_select,"1,2,3,4,5",1=Very dissatisfied; 2=Dissatisfied; 3=Neutral; 4=Satisfied; 5=Very satisfied,p_l1_c,,,,,,,"iteration 12 of loop ""brand"""
L1_SPEND_RATE_1,"Earlier you said you spend about … per month on technology. Given that, how good value is … (product …) — and how does it compare with your favourite, …? (brand 1)",Q80,"Earlier you said you spend about … per month on technology. Given that, how good value is … (product …) — and how does it compare with your favourite, …?",numeric,slider,,,p_l1_c,,,,,,,"iteration 1 of loop ""brand"""
L1_SPEND_RATE_2,"Earlier you said you spend about … per month on technology. Given that, how good value is … (product …) — and how does it compare with your favourite, …? (brand 2)",Q80,"Earlier you said you spend about … per month on technology. Given that, how good value is … (product …) — and how does it compare with your favourite, …?",numeric,slider,,,p_l1_c,,,,,,,"iteration 2 of loop ""brand"""
L1_SPEND_RATE_3,"Earlier you said you spend about … per month on technology. Given that, how good value is … (product …) — and how does it compare with your favourite, …? (brand 3)",Q80,"Earlier you said you spend about … per month on technology. Given that, how good value is … (product …) — and how does it compare with your favourite, …?",numeric,slider,,,p_l1_c,,,,,,,"iteration 3 of loop ""brand"""
L1_SPEND_RATE_4,"Earlier you said you spend about … per month on technology. Given that, how good value is … (product …) — and how does it compare with your favourite, …? (brand 4)",Q80,"Earlier you said you spend about … per month on technology. Given that, how good value is … (product …) — and how does it compare with your favourite, …?",numeric,slider,,,p_l1_c,,,,,,,"iteration 4 of loop ""brand"""
L1_SPEND_RATE_5,"Earlier you said you spend about … per month on technology. Given that, how good value is … (product …) — and how does it compare with your favourite, …? (brand 5)",Q80,"Earlier you said you spend about … per month on technology. Given that, how good value is … (product …) — and how does it compare with your favourite, …?",numeric,slider,,,p_l1_c,,,,,,,"iteration 5 of loop ""brand"""
L1_SPEND_RATE_6,"Earlier you said you spend about … per month on technology. Given that, how good value is … (product …) — and how does it compare with your favourite, …? (brand 6)",Q80,"Earlier you said you spend about … per month on technology. Given that, how good value is … (product …) — and how does it compare with your favourite, …?",numeric,slider,,,p_l1_c,,,,,,,"iteration 6 of loop ""brand"""
L1_SPEND_RATE_7,"Earlier you said you spend about … per month on technology. Given that, how good value is … (product …) — and how does it compare with your favourite, …? (brand 7)",Q80,"Earlier you said you spend about … per month on technology. Given that, how good value is … (product …) — and how does it compare with your favourite, …?",numeric,slider,,,p_l1_c,,,,,,,"iteration 7 of loop ""brand"""
L1_SPEND_RATE_8,"Earlier you said you spend about … per month on technology. Given that, how good value is … (product …) — and how does it compare with your favourite, …? (brand 8)",Q80,"Earlier you said you spend about … per month on technology. Given that, how good value is … (product …) — and how does it compare with your favourite, …?",numeric,slider,,,p_l1_c,,,,,,,"iteration 8 of loop ""brand"""
L1_SPEND_RATE_9,"Earlier you said you spend about … per month on technology. Given that, how good value is … (product …) — and how does it compare with your favourite, …? (brand 9)",Q80,"Earlier you said you spend about … per month on technology. Given that, how good value is … (product …) — and how does it compare with your favourite, …?",numeric,slider,,,p_l1_c,,,,,,,"iteration 9 of loop ""brand"""
L1_SPEND_RATE_10,"Earlier you said you spend about … per month on technology. Given that, how good value is … (product …) — and how does it compare with your favourite, …? (brand 10)",Q80,"Earlier you said you spend about … per month on technology. Given that, how good value is … (product …) — and how does it compare with your favourite, …?",numeric,slider,,,p_l1_c,,,,,,,"iteration 10 of loop ""brand"""
L1_SPEND_RATE_11,"Earlier you said you spend about … per month on technology. Given that, how good value is … (product …) — and how does it compare with your favourite, …? (brand 11)",Q80,"Earlier you said you spend about … per month on technology. Given that, how good value is … (product …) — and how does it compare with your favourite, …?",numeric,slider,,,p_l1_c,,,,,,,"iteration 11 of loop ""brand"""
L1_SPEND_RATE_12,"Earlier you said you spend about … per month on technology. Given that, how good value is … (product …) — and how does it compare with your favourite, …? (brand 12)",Q80,"Earlier you said you spend about … per month on technology. Given that, how good value is … (product …) — and how does it compare with your favourite, …?",numeric,slider,,,p_l1_c,,,,,,,"iteration 12 of loop ""brand"""
L1_RECOMMEND_1,Would you recommend … to a friend? (brand 1),Q81,Would you recommend … to a friend?,numeric,single_select,"1,2",1=Yes; 2=No,p_l1_c,,,,,,,"iteration 1 of loop ""brand"""
L1_RECOMMEND_2,Would you recommend … to a friend? (brand 2),Q81,Would you recommend … to a friend?,numeric,single_select,"1,2",1=Yes; 2=No,p_l1_c,,,,,,,"iteration 2 of loop ""brand"""
L1_RECOMMEND_3,Would you recommend … to a friend? (brand 3),Q81,Would you recommend … to a friend?,numeric,single_select,"1,2",1=Yes; 2=No,p_l1_c,,,,,,,"iteration 3 of loop ""brand"""
L1_RECOMMEND_4,Would you recommend … to a friend? (brand 4),Q81,Would you recommend … to a friend?,numeric,single_select,"1,2",1=Yes; 2=No,p_l1_c,,,,,,,"iteration 4 of loop ""brand"""
L1_RECOMMEND_5,Would you recommend … to a friend? (brand 5),Q81,Would you recommend … to a friend?,numeric,single_select,"1,2",1=Yes; 2=No,p_l1_c,,,,,,,"iteration 5 of loop ""brand"""
L1_RECOMMEND_6,Would you recommend … to a friend? (brand 6),Q81,Would you recommend … to a friend?,numeric,single_select,"1,2",1=Yes; 2=No,p_l1_c,,,,,,,"iteration 6 of loop ""brand"""
L1_RECOMMEND_7,Would you recommend … to a friend? (brand 7),Q81,Would you recommend … to a friend?,numeric,single_select,"1,2",1=Yes; 2=No,p_l1_c,,,,,,,"iteration 7 of loop ""brand"""
L1_RECOMMEND_8,Would you recommend … to a friend? (brand 8),Q81,Would you recommend … to a friend?,numeric,single_select,"1,2",1=Yes; 2=No,p_l1_c,,,,,,,"iteration 8 of loop ""brand"""
L1_RECOMMEND_9,Would you recommend … to a friend? (brand 9),Q81,Would you recommend … to a friend?,numeric,single_select,"1,2",1=Yes; 2=No,p_l1_c,,,,,,,"iteration 9 of loop ""brand"""
L1_RECOMMEND_10,Would you recommend … to a friend? (brand 10),Q81,Would you recommend … to a friend?,numeric,single_select,"1,2",1=Yes; 2=No,p_l1_c,,,,,,,"iteration 10 of loop ""brand"""
L1_RECOMMEND_11,Would you recommend … to a friend? (brand 11),Q81,Would you recommend … to a friend?,numeric,single_select,"1,2",1=Yes; 2=No,p_l1_c,,,,,,,"iteration 11 of loop ""brand"""
L1_RECOMMEND_12,Would you recommend … to a friend? (brand 12),Q81,Would you recommend … to a friend?,numeric,single_select,"1,2",1=Yes; 2=No,p_l1_c,,,,,,,"iteration 12 of loop ""brand"""
L1_CATEGORY_1,Category classification for … (auto-populated from the loop's reference data — read only) (brand 1),Q82,Category classification for … (auto-populated from the loop's reference data — read only),numeric,single_select,"phone,computing,other",phone=Smartphone maker; computing=Computing; other=Other technology,p_l1_c,,,,,,,"iteration 1 of loop ""brand"""
L1_CATEGORY_2,Category classification for … (auto-populated from the loop's reference data — read only) (brand 2),Q82,Category classification for … (auto-populated from the loop's reference data — read only),numeric,single_select,"phone,computing,other",phone=Smartphone maker; computing=Computing; other=Other technology,p_l1_c,,,,,,,"iteration 2 of loop ""brand"""
L1_CATEGORY_3,Category classification for … (auto-populated from the loop's reference data — read only) (brand 3),Q82,Category classification for … (auto-populated from the loop's reference data — read only),numeric,single_select,"phone,computing,other",phone=Smartphone maker; computing=Computing; other=Other technology,p_l1_c,,,,,,,"iteration 3 of loop ""brand"""
L1_CATEGORY_4,Category classification for … (auto-populated from the loop's reference data — read only) (brand 4),Q82,Category classification for … (auto-populated from the loop's reference data — read only),numeric,single_select,"phone,computing,other",phone=Smartphone maker; computing=Computing; other=Other technology,p_l1_c,,,,,,,"iteration 4 of loop ""brand"""
L1_CATEGORY_5,Category classification for … (auto-populated from the loop's reference data — read only) (brand 5),Q82,Category classification for … (auto-populated from the loop's reference data — read only),numeric,single_select,"phone,computing,other",phone=Smartphone maker; computing=Computing; other=Other technology,p_l1_c,,,,,,,"iteration 5 of loop ""brand"""
L1_CATEGORY_6,Category classification for … (auto-populated from the loop's reference data — read only) (brand 6),Q82,Category classification for … (auto-populated from the loop's reference data — read only),numeric,single_select,"phone,computing,other",phone=Smartphone maker; computing=Computing; other=Other technology,p_l1_c,,,,,,,"iteration 6 of loop ""brand"""
L1_CATEGORY_7,Category classification for … (auto-populated from the loop's reference data — read only) (brand 7),Q82,Category classification for … (auto-populated from the loop's reference data — read only),numeric,single_select,"phone,computing,other",phone=Smartphone maker; computing=Computing; other=Other technology,p_l1_c,,,,,,,"iteration 7 of loop ""brand"""
L1_CATEGORY_8,Category classification for … (auto-populated from the loop's reference data — read only) (brand 8),Q82,Category classification for … (auto-populated from the loop's reference data — read only),numeric,single_select,"phone,computing,other",phone=Smartphone maker; computing=Computing; other=Other technology,p_l1_c,,,,,,,"iteration 8 of loop ""brand"""
L1_CATEGORY_9,Category classification for … (auto-populated from the loop's reference data — read only) (brand 9),Q82,Category classification for … (auto-populated from the loop's reference data — read only),numeric,single_select,"phone,computing,other",phone=Smartphone maker; computing=Computing; other=Other technology,p_l1_c,,,,,,,"iteration 9 of loop ""brand"""
L1_CATEGORY_10,Category classification for … (auto-populated from the loop's reference data — read only) (brand 10),Q82,Category classification for … (auto-populated from the loop's reference data — read only),numeric,single_select,"phone,computing,other",phone=Smartphone maker; computing=Computing; other=Other technology,p_l1_c,,,,,,,"iteration 10 of loop ""brand"""
L1_CATEGORY_11,Category classification for … (auto-populated from the loop's reference data — read only) (brand 11),Q82,Category classification for … (auto-populated from the loop's reference data — read only),numeric,single_select,"phone,computing,other",phone=Smartphone maker; computing=Computing; other=Other technology,p_l1_c,,,,,,,"iteration 11 of loop ""brand"""
L1_CATEGORY_12,Category classification for … (auto-populated from the loop's reference data — read only) (brand 12),Q82,Category classification for … (auto-populated from the loop's reference data — read only),numeric,single_select,"phone,computing,other",phone=Smartphone maker; computing=Computing; other=Other technology,p_l1_c,,,,,,,"iteration 12 of loop ""brand"""
L2_FEATURE_1_1,"Rate … on … (… group). (brand 1, feature 1)",Q83,Rate … on … (… group).,numeric,slider,,,p_l2,,,,,,,"iteration 1.1 of loop ""brand › feature"""
L2_FEATURE_1_2,"Rate … on … (… group). (brand 1, feature 2)",Q83,Rate … on … (… group).,numeric,slider,,,p_l2,,,,,,,"iteration 1.2 of loop ""brand › feature"""
L2_FEATURE_1_3,"Rate … on … (… group). (brand 1, feature 3)",Q83,Rate … on … (… group).,numeric,slider,,,p_l2,,,,,,,"iteration 1.3 of loop ""brand › feature"""
L2_FEATURE_2_1,"Rate … on … (… group). (brand 2, feature 1)",Q83,Rate … on … (… group).,numeric,slider,,,p_l2,,,,,,,"iteration 2.1 of loop ""brand › feature"""
L2_FEATURE_2_2,"Rate … on … (… group). (brand 2, feature 2)",Q83,Rate … on … (… group).,numeric,slider,,,p_l2,,,,,,,"iteration 2.2 of loop ""brand › feature"""
L2_FEATURE_2_3,"Rate … on … (… group). (brand 2, feature 3)",Q83,Rate … on … (… group).,numeric,slider,,,p_l2,,,,,,,"iteration 2.3 of loop ""brand › feature"""
L2_FEATURE_3_1,"Rate … on … (… group). (brand 3, feature 1)",Q83,Rate … on … (… group).,numeric,slider,,,p_l2,,,,,,,"iteration 3.1 of loop ""brand › feature"""
L2_FEATURE_3_2,"Rate … on … (… group). (brand 3, feature 2)",Q83,Rate … on … (… group).,numeric,slider,,,p_l2,,,,,,,"iteration 3.2 of loop ""brand › feature"""
L2_FEATURE_3_3,"Rate … on … (… group). (brand 3, feature 3)",Q83,Rate … on … (… group).,numeric,slider,,,p_l2,,,,,,,"iteration 3.3 of loop ""brand › feature"""
L2_FEATURE_4_1,"Rate … on … (… group). (brand 4, feature 1)",Q83,Rate … on … (… group).,numeric,slider,,,p_l2,,,,,,,"iteration 4.1 of loop ""brand › feature"""
L2_FEATURE_4_2,"Rate … on … (… group). (brand 4, feature 2)",Q83,Rate … on … (… group).,numeric,slider,,,p_l2,,,,,,,"iteration 4.2 of loop ""brand › feature"""
L2_FEATURE_4_3,"Rate … on … (… group). (brand 4, feature 3)",Q83,Rate … on … (… group).,numeric,slider,,,p_l2,,,,,,,"iteration 4.3 of loop ""brand › feature"""
L2_FEATURE_5_1,"Rate … on … (… group). (brand 5, feature 1)",Q83,Rate … on … (… group).,numeric,slider,,,p_l2,,,,,,,"iteration 5.1 of loop ""brand › feature"""
L2_FEATURE_5_2,"Rate … on … (… group). (brand 5, feature 2)",Q83,Rate … on … (… group).,numeric,slider,,,p_l2,,,,,,,"iteration 5.2 of loop ""brand › feature"""
L2_FEATURE_5_3,"Rate … on … (… group). (brand 5, feature 3)",Q83,Rate … on … (… group).,numeric,slider,,,p_l2,,,,,,,"iteration 5.3 of loop ""brand › feature"""
L2_FEATURE_6_1,"Rate … on … (… group). (brand 6, feature 1)",Q83,Rate … on … (… group).,numeric,slider,,,p_l2,,,,,,,"iteration 6.1 of loop ""brand › feature"""
L2_FEATURE_6_2,"Rate … on … (… group). (brand 6, feature 2)",Q83,Rate … on … (… group).,numeric,slider,,,p_l2,,,,,,,"iteration 6.2 of loop ""brand › feature"""
L2_FEATURE_6_3,"Rate … on … (… group). (brand 6, feature 3)",Q83,Rate … on … (… group).,numeric,slider,,,p_l2,,,,,,,"iteration 6.3 of loop ""brand › feature"""
L2_FEATURE_7_1,"Rate … on … (… group). (brand 7, feature 1)",Q83,Rate … on … (… group).,numeric,slider,,,p_l2,,,,,,,"iteration 7.1 of loop ""brand › feature"""
L2_FEATURE_7_2,"Rate … on … (… group). (brand 7, feature 2)",Q83,Rate … on … (… group).,numeric,slider,,,p_l2,,,,,,,"iteration 7.2 of loop ""brand › feature"""
L2_FEATURE_7_3,"Rate … on … (… group). (brand 7, feature 3)",Q83,Rate … on … (… group).,numeric,slider,,,p_l2,,,,,,,"iteration 7.3 of loop ""brand › feature"""
L2_FEATURE_8_1,"Rate … on … (… group). (brand 8, feature 1)",Q83,Rate … on … (… group).,numeric,slider,,,p_l2,,,,,,,"iteration 8.1 of loop ""brand › feature"""
L2_FEATURE_8_2,"Rate … on … (… group). (brand 8, feature 2)",Q83,Rate … on … (… group).,numeric,slider,,,p_l2,,,,,,,"iteration 8.2 of loop ""brand › feature"""
L2_FEATURE_8_3,"Rate … on … (… group). (brand 8, feature 3)",Q83,Rate … on … (… group).,numeric,slider,,,p_l2,,,,,,,"iteration 8.3 of loop ""brand › feature"""
L2_FEATURE_9_1,"Rate … on … (… group). (brand 9, feature 1)",Q83,Rate … on … (… group).,numeric,slider,,,p_l2,,,,,,,"iteration 9.1 of loop ""brand › feature"""
L2_FEATURE_9_2,"Rate … on … (… group). (brand 9, feature 2)",Q83,Rate … on … (… group).,numeric,slider,,,p_l2,,,,,,,"iteration 9.2 of loop ""brand › feature"""
L2_FEATURE_9_3,"Rate … on … (… group). (brand 9, feature 3)",Q83,Rate … on … (… group).,numeric,slider,,,p_l2,,,,,,,"iteration 9.3 of loop ""brand › feature"""
L2_FEATURE_10_1,"Rate … on … (… group). (brand 10, feature 1)",Q83,Rate … on … (… group).,numeric,slider,,,p_l2,,,,,,,"iteration 10.1 of loop ""brand › feature"""
L2_FEATURE_10_2,"Rate … on … (… group). (brand 10, feature 2)",Q83,Rate … on … (… group).,numeric,slider,,,p_l2,,,,,,,"iteration 10.2 of loop ""brand › feature"""
L2_FEATURE_10_3,"Rate … on … (… group). (brand 10, feature 3)",Q83,Rate … on … (… group).,numeric,slider,,,p_l2,,,,,,,"iteration 10.3 of loop ""brand › feature"""
L2_FEATURE_11_1,"Rate … on … (… group). (brand 11, feature 1)",Q83,Rate … on … (… group).,numeric,slider,,,p_l2,,,,,,,"iteration 11.1 of loop ""brand › feature"""
L2_FEATURE_11_2,"Rate … on … (… group). (brand 11, feature 2)",Q83,Rate … on … (… group).,numeric,slider,,,p_l2,,,,,,,"iteration 11.2 of loop ""brand › feature"""
L2_FEATURE_11_3,"Rate … on … (… group). (brand 11, feature 3)",Q83,Rate … on … (… group).,numeric,slider,,,p_l2,,,,,,,"iteration 11.3 of loop ""brand › feature"""
L2_FEATURE_12_1,"Rate … on … (… group). (brand 12, feature 1)",Q83,Rate … on … (… group).,numeric,slider,,,p_l2,,,,,,,"iteration 12.1 of loop ""brand › feature"""
L2_FEATURE_12_2,"Rate … on … (… group). (brand 12, feature 2)",Q83,Rate … on … (… group).,numeric,slider,,,p_l2,,,,,,,"iteration 12.2 of loop ""brand › feature"""
L2_FEATURE_12_3,"Rate … on … (… group). (brand 12, feature 3)",Q83,Rate … on … (… group).,numeric,slider,,,p_l2,,,,,,,"iteration 12.3 of loop ""brand › feature"""
L2_REASON_1_1,"Is … a reason you chose …? (brand 1, feature 1)",Q84,Is … a reason you chose …?,numeric,single_select,"1,2",1=Yes; 2=No,p_l2,,,,,,,"iteration 1.1 of loop ""brand › feature"""
L2_REASON_1_2,"Is … a reason you chose …? (brand 1, feature 2)",Q84,Is … a reason you chose …?,numeric,single_select,"1,2",1=Yes; 2=No,p_l2,,,,,,,"iteration 1.2 of loop ""brand › feature"""
L2_REASON_1_3,"Is … a reason you chose …? (brand 1, feature 3)",Q84,Is … a reason you chose …?,numeric,single_select,"1,2",1=Yes; 2=No,p_l2,,,,,,,"iteration 1.3 of loop ""brand › feature"""
L2_REASON_2_1,"Is … a reason you chose …? (brand 2, feature 1)",Q84,Is … a reason you chose …?,numeric,single_select,"1,2",1=Yes; 2=No,p_l2,,,,,,,"iteration 2.1 of loop ""brand › feature"""
L2_REASON_2_2,"Is … a reason you chose …? (brand 2, feature 2)",Q84,Is … a reason you chose …?,numeric,single_select,"1,2",1=Yes; 2=No,p_l2,,,,,,,"iteration 2.2 of loop ""brand › feature"""
L2_REASON_2_3,"Is … a reason you chose …? (brand 2, feature 3)",Q84,Is … a reason you chose …?,numeric,single_select,"1,2",1=Yes; 2=No,p_l2,,,,,,,"iteration 2.3 of loop ""brand › feature"""
L2_REASON_3_1,"Is … a reason you chose …? (brand 3, feature 1)",Q84,Is … a reason you chose …?,numeric,single_select,"1,2",1=Yes; 2=No,p_l2,,,,,,,"iteration 3.1 of loop ""brand › feature"""
L2_REASON_3_2,"Is … a reason you chose …? (brand 3, feature 2)",Q84,Is … a reason you chose …?,numeric,single_select,"1,2",1=Yes; 2=No,p_l2,,,,,,,"iteration 3.2 of loop ""brand › feature"""
L2_REASON_3_3,"Is … a reason you chose …? (brand 3, feature 3)",Q84,Is … a reason you chose …?,numeric,single_select,"1,2",1=Yes; 2=No,p_l2,,,,,,,"iteration 3.3 of loop ""brand › feature"""
L2_REASON_4_1,"Is … a reason you chose …? (brand 4, feature 1)",Q84,Is … a reason you chose …?,numeric,single_select,"1,2",1=Yes; 2=No,p_l2,,,,,,,"iteration 4.1 of loop ""brand › feature"""
L2_REASON_4_2,"Is … a reason you chose …? (brand 4, feature 2)",Q84,Is … a reason you chose …?,numeric,single_select,"1,2",1=Yes; 2=No,p_l2,,,,,,,"iteration 4.2 of loop ""brand › feature"""
L2_REASON_4_3,"Is … a reason you chose …? (brand 4, feature 3)",Q84,Is … a reason you chose …?,numeric,single_select,"1,2",1=Yes; 2=No,p_l2,,,,,,,"iteration 4.3 of loop ""brand › feature"""
L2_REASON_5_1,"Is … a reason you chose …? (brand 5, feature 1)",Q84,Is … a reason you chose …?,numeric,single_select,"1,2",1=Yes; 2=No,p_l2,,,,,,,"iteration 5.1 of loop ""brand › feature"""
L2_REASON_5_2,"Is … a reason you chose …? (brand 5, feature 2)",Q84,Is … a reason you chose …?,numeric,single_select,"1,2",1=Yes; 2=No,p_l2,,,,,,,"iteration 5.2 of loop ""brand › feature"""
L2_REASON_5_3,"Is … a reason you chose …? (brand 5, feature 3)",Q84,Is … a reason you chose …?,numeric,single_select,"1,2",1=Yes; 2=No,p_l2,,,,,,,"iteration 5.3 of loop ""brand › feature"""
L2_REASON_6_1,"Is … a reason you chose …? (brand 6, feature 1)",Q84,Is … a reason you chose …?,numeric,single_select,"1,2",1=Yes; 2=No,p_l2,,,,,,,"iteration 6.1 of loop ""brand › feature"""
L2_REASON_6_2,"Is … a reason you chose …? (brand 6, feature 2)",Q84,Is … a reason you chose …?,numeric,single_select,"1,2",1=Yes; 2=No,p_l2,,,,,,,"iteration 6.2 of loop ""brand › feature"""
L2_REASON_6_3,"Is … a reason you chose …? (brand 6, feature 3)",Q84,Is … a reason you chose …?,numeric,single_select,"1,2",1=Yes; 2=No,p_l2,,,,,,,"iteration 6.3 of loop ""brand › feature"""
L2_REASON_7_1,"Is … a reason you chose …? (brand 7, feature 1)",Q84,Is … a reason you chose …?,numeric,single_select,"1,2",1=Yes; 2=No,p_l2,,,,,,,"iteration 7.1 of loop ""brand › feature"""
L2_REASON_7_2,"Is … a reason you chose …? (brand 7, feature 2)",Q84,Is … a reason you chose …?,numeric,single_select,"1,2",1=Yes; 2=No,p_l2,,,,,,,"iteration 7.2 of loop ""brand › feature"""
L2_REASON_7_3,"Is … a reason you chose …? (brand 7, feature 3)",Q84,Is … a reason you chose …?,numeric,single_select,"1,2",1=Yes; 2=No,p_l2,,,,,,,"iteration 7.3 of loop ""brand › feature"""
L2_REASON_8_1,"Is … a reason you chose …? (brand 8, feature 1)",Q84,Is … a reason you chose …?,numeric,single_select,"1,2",1=Yes; 2=No,p_l2,,,,,,,"iteration 8.1 of loop ""brand › feature"""
L2_REASON_8_2,"Is … a reason you chose …? (brand 8, feature 2)",Q84,Is … a reason you chose …?,numeric,single_select,"1,2",1=Yes; 2=No,p_l2,,,,,,,"iteration 8.2 of loop ""brand › feature"""
L2_REASON_8_3,"Is … a reason you chose …? (brand 8, feature 3)",Q84,Is … a reason you chose …?,numeric,single_select,"1,2",1=Yes; 2=No,p_l2,,,,,,,"iteration 8.3 of loop ""brand › feature"""
L2_REASON_9_1,"Is … a reason you chose …? (brand 9, feature 1)",Q84,Is … a reason you chose …?,numeric,single_select,"1,2",1=Yes; 2=No,p_l2,,,,,,,"iteration 9.1 of loop ""brand › feature"""
L2_REASON_9_2,"Is … a reason you chose …? (brand 9, feature 2)",Q84,Is … a reason you chose …?,numeric,single_select,"1,2",1=Yes; 2=No,p_l2,,,,,,,"iteration 9.2 of loop ""brand › feature"""
L2_REASON_9_3,"Is … a reason you chose …? (brand 9, feature 3)",Q84,Is … a reason you chose …?,numeric,single_select,"1,2",1=Yes; 2=No,p_l2,,,,,,,"iteration 9.3 of loop ""brand › feature"""
L2_REASON_10_1,"Is … a reason you chose …? (brand 10, feature 1)",Q84,Is … a reason you chose …?,numeric,single_select,"1,2",1=Yes; 2=No,p_l2,,,,,,,"iteration 10.1 of loop ""brand › feature"""
L2_REASON_10_2,"Is … a reason you chose …? (brand 10, feature 2)",Q84,Is … a reason you chose …?,numeric,single_select,"1,2",1=Yes; 2=No,p_l2,,,,,,,"iteration 10.2 of loop ""brand › feature"""
L2_REASON_10_3,"Is … a reason you chose …? (brand 10, feature 3)",Q84,Is … a reason you chose …?,numeric,single_select,"1,2",1=Yes; 2=No,p_l2,,,,,,,"iteration 10.3 of loop ""brand › feature"""
L2_REASON_11_1,"Is … a reason you chose …? (brand 11, feature 1)",Q84,Is … a reason you chose …?,numeric,single_select,"1,2",1=Yes; 2=No,p_l2,,,,,,,"iteration 11.1 of loop ""brand › feature"""
L2_REASON_11_2,"Is … a reason you chose …? (brand 11, feature 2)",Q84,Is … a reason you chose …?,numeric,single_select,"1,2",1=Yes; 2=No,p_l2,,,,,,,"iteration 11.2 of loop ""brand › feature"""
L2_REASON_11_3,"Is … a reason you chose …? (brand 11, feature 3)",Q84,Is … a reason you chose …?,numeric,single_select,"1,2",1=Yes; 2=No,p_l2,,,,,,,"iteration 11.3 of loop ""brand › feature"""
L2_REASON_12_1,"Is … a reason you chose …? (brand 12, feature 1)",Q84,Is … a reason you chose …?,numeric,single_select,"1,2",1=Yes; 2=No,p_l2,,,,,,,"iteration 12.1 of loop ""brand › feature"""
L2_REASON_12_2,"Is … a reason you chose …? (brand 12, feature 2)",Q84,Is … a reason you chose …?,numeric,single_select,"1,2",1=Yes; 2=No,p_l2,,,,,,,"iteration 12.2 of loop ""brand › feature"""
L2_REASON_12_3,"Is … a reason you chose …? (brand 12, feature 3)",Q84,Is … a reason you chose …?,numeric,single_select,"1,2",1=Yes; 2=No,p_l2,,,,,,,"iteration 12.3 of loop ""brand › feature"""
L3_WHY_NOT_1_1,Q85 — Too expensive (nonuser 1),Q85,Why haven't you used … in the past year?,numeric,multi_select,"0,1",0=Not selected; 1=Selected,p_l3,,,,,,1,"iteration 1 of loop ""nonuser"""
L3_WHY_NOT_1_2,Q85 — Don't trust the brand (nonuser 1),Q85,Why haven't you used … in the past year?,numeric,multi_select,"0,1",0=Not selected; 1=Selected,p_l3,,,,,,2,"iteration 1 of loop ""nonuser"""
L3_WHY_NOT_1_3,Q85 — Not available where I live (nonuser 1),Q85,Why haven't you used … in the past year?,numeric,multi_select,"0,1",0=Not selected; 1=Selected,p_l3,,,,,,3,"iteration 1 of loop ""nonuser"""
L3_WHY_NOT_1_4,Q85 — Happy with my current brand (nonuser 1),Q85,Why haven't you used … in the past year?,numeric,multi_select,"0,1",0=Not selected; 1=Selected,p_l3,,,,,,4,"iteration 1 of loop ""nonuser"""
L3_WHY_NOT_1_5,Q85 — Poor past experience (nonuser 1),Q85,Why haven't you used … in the past year?,numeric,multi_select,"0,1",0=Not selected; 1=Selected,p_l3,,,,,,5,"iteration 1 of loop ""nonuser"""
L3_WHY_NOT_1_6,Q85 — Don't know enough about it (nonuser 1),Q85,Why haven't you used … in the past year?,numeric,multi_select,"0,1",0=Not selected; 1=Selected,p_l3,,,,,,6,"iteration 1 of loop ""nonuser"""
L3_WHY_NOT_1_7,Q85 — Not compatible with my other devices (nonuser 1),Q85,Why haven't you used … in the past year?,numeric,multi_select,"0,1",0=Not selected; 1=Selected,p_l3,,,,,,7,"iteration 1 of loop ""nonuser"""
L3_WHY_NOT_1_8,Q85 — Ethical / political reasons (nonuser 1),Q85,Why haven't you used … in the past year?,numeric,multi_select,"0,1",0=Not selected; 1=Selected,p_l3,,,,,,8,"iteration 1 of loop ""nonuser"""
L3_WHY_NOT_1_99,Q85 — Other reason (nonuser 1),Q85,Why haven't you used … in the past year?,numeric,multi_select,"0,1",0=Not selected; 1=Selected,p_l3,,,,,,99,"iteration 1 of loop ""nonuser"""
L3_WHY_NOT_1_other,Q85 — Other (specify) (nonuser 1),Q85,Why haven't you used … in the past year?,text,multi_select,,,p_l3,,,,,,,"iteration 1 of loop ""nonuser"""
L3_WHY_NOT_2_1,Q85 — Too expensive (nonuser 2),Q85,Why haven't you used … in the past year?,numeric,multi_select,"0,1",0=Not selected; 1=Selected,p_l3,,,,,,1,"iteration 2 of loop ""nonuser"""
L3_WHY_NOT_2_2,Q85 — Don't trust the brand (nonuser 2),Q85,Why haven't you used … in the past year?,numeric,multi_select,"0,1",0=Not selected; 1=Selected,p_l3,,,,,,2,"iteration 2 of loop ""nonuser"""
L3_WHY_NOT_2_3,Q85 — Not available where I live (nonuser 2),Q85,Why haven't you used … in the past year?,numeric,multi_select,"0,1",0=Not selected; 1=Selected,p_l3,,,,,,3,"iteration 2 of loop ""nonuser"""
L3_WHY_NOT_2_4,Q85 — Happy with my current brand (nonuser 2),Q85,Why haven't you used … in the past year?,numeric,multi_select,"0,1",0=Not selected; 1=Selected,p_l3,,,,,,4,"iteration 2 of loop ""nonuser"""
L3_WHY_NOT_2_5,Q85 — Poor past experience (nonuser 2),Q85,Why haven't you used … in the past year?,numeric,multi_select,"0,1",0=Not selected; 1=Selected,p_l3,,,,,,5,"iteration 2 of loop ""nonuser"""
L3_WHY_NOT_2_6,Q85 — Don't know enough about it (nonuser 2),Q85,Why haven't you used … in the past year?,numeric,multi_select,"0,1",0=Not selected; 1=Selected,p_l3,,,,,,6,"iteration 2 of loop ""nonuser"""
L3_WHY_NOT_2_7,Q85 — Not compatible with my other devices (nonuser 2),Q85,Why haven't you used … in the past year?,numeric,multi_select,"0,1",0=Not selected; 1=Selected,p_l3,,,,,,7,"iteration 2 of loop ""nonuser"""
L3_WHY_NOT_2_8,Q85 — Ethical / political reasons (nonuser 2),Q85,Why haven't you used … in the past year?,numeric,multi_select,"0,1",0=Not selected; 1=Selected,p_l3,,,,,,8,"iteration 2 of loop ""nonuser"""
L3_WHY_NOT_2_99,Q85 — Other reason (nonuser 2),Q85,Why haven't you used … in the past year?,numeric,multi_select,"0,1",0=Not selected; 1=Selected,p_l3,,,,,,99,"iteration 2 of loop ""nonuser"""
L3_WHY_NOT_2_other,Q85 — Other (specify) (nonuser 2),Q85,Why haven't you used … in the past year?,text,multi_select,,,p_l3,,,,,,,"iteration 2 of loop ""nonuser"""
L3_WHY_NOT_3_1,Q85 — Too expensive (nonuser 3),Q85,Why haven't you used … in the past year?,numeric,multi_select,"0,1",0=Not selected; 1=Selected,p_l3,,,,,,1,"iteration 3 of loop ""nonuser"""
L3_WHY_NOT_3_2,Q85 — Don't trust the brand (nonuser 3),Q85,Why haven't you used … in the past year?,numeric,multi_select,"0,1",0=Not selected; 1=Selected,p_l3,,,,,,2,"iteration 3 of loop ""nonuser"""
L3_WHY_NOT_3_3,Q85 — Not available where I live (nonuser 3),Q85,Why haven't you used … in the past year?,numeric,multi_select,"0,1",0=Not selected; 1=Selected,p_l3,,,,,,3,"iteration 3 of loop ""nonuser"""
L3_WHY_NOT_3_4,Q85 — Happy with my current brand (nonuser 3),Q85,Why haven't you used … in the past year?,numeric,multi_select,"0,1",0=Not selected; 1=Selected,p_l3,,,,,,4,"iteration 3 of loop ""nonuser"""
L3_WHY_NOT_3_5,Q85 — Poor past experience (nonuser 3),Q85,Why haven't you used … in the past year?,numeric,multi_select,"0,1",0=Not selected; 1=Selected,p_l3,,,,,,5,"iteration 3 of loop ""nonuser"""
L3_WHY_NOT_3_6,Q85 — Don't know enough about it (nonuser 3),Q85,Why haven't you used … in the past year?,numeric,multi_select,"0,1",0=Not selected; 1=Selected,p_l3,,,,,,6,"iteration 3 of loop ""nonuser"""
L3_WHY_NOT_3_7,Q85 — Not compatible with my other devices (nonuser 3),Q85,Why haven't you used … in the past year?,numeric,multi_select,"0,1",0=Not selected; 1=Selected,p_l3,,,,,,7,"iteration 3 of loop ""nonuser"""
L3_WHY_NOT_3_8,Q85 — Ethical / political reasons (nonuser 3),Q85,Why haven't you used … in the past year?,numeric,multi_select,"0,1",0=Not selected; 1=Selected,p_l3,,,,,,8,"iteration 3 of loop ""nonuser"""
L3_WHY_NOT_3_99,Q85 — Other reason (nonuser 3),Q85,Why haven't you used … in the past year?,numeric,multi_select,"0,1",0=Not selected; 1=Selected,p_l3,,,,,,99,"iteration 3 of loop ""nonuser"""
L3_WHY_NOT_3_other,Q85 — Other (specify) (nonuser 3),Q85,Why haven't you used … in the past year?,text,multi_select,,,p_l3,,,,,,,"iteration 3 of loop ""nonuser"""
L3_TRY_1,How likely are you to try … in the next 12 months? (nonuser 1),Q86,How likely are you to try … in the next 12 months?,numeric,single_select,"1,2,3,4,5",1=Very unlikely; 2=Unlikely; 3=Neither; 4=Likely; 5=Very likely,p_l3,,,,,,,"iteration 1 of loop ""nonuser"""
L3_TRY_2,How likely are you to try … in the next 12 months? (nonuser 2),Q86,How likely are you to try … in the next 12 months?,numeric,single_select,"1,2,3,4,5",1=Very unlikely; 2=Unlikely; 3=Neither; 4=Likely; 5=Very likely,p_l3,,,,,,,"iteration 2 of loop ""nonuser"""
L3_TRY_3,How likely are you to try … in the next 12 months? (nonuser 3),Q86,How likely are you to try … in the next 12 months?,numeric,single_select,"1,2,3,4,5",1=Very unlikely; 2=Unlikely; 3=Neither; 4=Likely; 5=Very likely,p_l3,,,,,,,"iteration 3 of loop ""nonuser"""
L3_CONVINCE_1,… (nonuser 1),Q87,…,text,long_text,,,p_l3,,,,,,,"iteration 1 of loop ""nonuser"""
L3_CONVINCE_2,… (nonuser 2),Q87,…,text,long_text,,,p_l3,,,,,,,"iteration 2 of loop ""nonuser"""
L3_CONVINCE_3,… (nonuser 3),Q87,…,text,long_text,,,p_l3,,,,,,,"iteration 3 of loop ""nonuser"""
L4_EXIT_AWARE_1,… has stopped selling consumer devices in several markets since …. Were you aware of this? (exited 1),Q88,… has stopped selling consumer devices in several markets since …. Were you aware of this?,numeric,single_select,"1,2,3","1=Yes, I knew; 2=I had heard something; 3=No, I didn't know",p_l4,,,,,,,"iteration 1 of loop ""exited"""
L4_EXIT_AWARE_2,… has stopped selling consumer devices in several markets since …. Were you aware of this? (exited 2),Q88,… has stopped selling consumer devices in several markets since …. Were you aware of this?,numeric,single_select,"1,2,3","1=Yes, I knew; 2=I had heard something; 3=No, I didn't know",p_l4,,,,,,,"iteration 2 of loop ""exited"""
L4_EXIT_AWARE_3,… has stopped selling consumer devices in several markets since …. Were you aware of this? (exited 3),Q88,… has stopped selling consumer devices in several markets since …. Were you aware of this?,numeric,single_select,"1,2,3","1=Yes, I knew; 2=I had heard something; 3=No, I didn't know",p_l4,,,,,,,"iteration 3 of loop ""exited"""
L4_EXIT_AWARE_4,… has stopped selling consumer devices in several markets since …. Were you aware of this? (exited 4),Q88,… has stopped selling consumer devices in several markets since …. Were you aware of this?,numeric,single_select,"1,2,3","1=Yes, I knew; 2=I had heard something; 3=No, I didn't know",p_l4,,,,,,,"iteration 4 of loop ""exited"""
L4_EXIT_AWARE_5,… has stopped selling consumer devices in several markets since …. Were you aware of this? (exited 5),Q88,… has stopped selling consumer devices in several markets since …. Were you aware of this?,numeric,single_select,"1,2,3","1=Yes, I knew; 2=I had heard something; 3=No, I didn't know",p_l4,,,,,,,"iteration 5 of loop ""exited"""
L4_EXIT_AWARE_6,… has stopped selling consumer devices in several markets since …. Were you aware of this? (exited 6),Q88,… has stopped selling consumer devices in several markets since …. Were you aware of this?,numeric,single_select,"1,2,3","1=Yes, I knew; 2=I had heard something; 3=No, I didn't know",p_l4,,,,,,,"iteration 6 of loop ""exited"""
L4_EXIT_AWARE_7,… has stopped selling consumer devices in several markets since …. Were you aware of this? (exited 7),Q88,… has stopped selling consumer devices in several markets since …. Were you aware of this?,numeric,single_select,"1,2,3","1=Yes, I knew; 2=I had heard something; 3=No, I didn't know",p_l4,,,,,,,"iteration 7 of loop ""exited"""
L4_EXIT_AWARE_8,… has stopped selling consumer devices in several markets since …. Were you aware of this? (exited 8),Q88,… has stopped selling consumer devices in several markets since …. Were you aware of this?,numeric,single_select,"1,2,3","1=Yes, I knew; 2=I had heard something; 3=No, I didn't know",p_l4,,,,,,,"iteration 8 of loop ""exited"""
L4_EXIT_AWARE_9,… has stopped selling consumer devices in several markets since …. Were you aware of this? (exited 9),Q88,… has stopped selling consumer devices in several markets since …. Were you aware of this?,numeric,single_select,"1,2,3","1=Yes, I knew; 2=I had heard something; 3=No, I didn't know",p_l4,,,,,,,"iteration 9 of loop ""exited"""
L4_EXIT_AWARE_10,… has stopped selling consumer devices in several markets since …. Were you aware of this? (exited 10),Q88,… has stopped selling consumer devices in several markets since …. Were you aware of this?,numeric,single_select,"1,2,3","1=Yes, I knew; 2=I had heard something; 3=No, I didn't know",p_l4,,,,,,,"iteration 10 of loop ""exited"""
L4_EXIT_AWARE_11,… has stopped selling consumer devices in several markets since …. Were you aware of this? (exited 11),Q88,… has stopped selling consumer devices in several markets since …. Were you aware of this?,numeric,single_select,"1,2,3","1=Yes, I knew; 2=I had heard something; 3=No, I didn't know",p_l4,,,,,,,"iteration 11 of loop ""exited"""
L4_EXIT_AWARE_12,… has stopped selling consumer devices in several markets since …. Were you aware of this? (exited 12),Q88,… has stopped selling consumer devices in several markets since …. Were you aware of this?,numeric,single_select,"1,2,3","1=Yes, I knew; 2=I had heard something; 3=No, I didn't know",p_l4,,,,,,,"iteration 12 of loop ""exited"""
L4_EXIT_AWARE_13,… has stopped selling consumer devices in several markets since …. Were you aware of this? (exited 13),Q88,… has stopped selling consumer devices in several markets since …. Were you aware of this?,numeric,single_select,"1,2,3","1=Yes, I knew; 2=I had heard something; 3=No, I didn't know",p_l4,,,,,,,"iteration 13 of loop ""exited"""
L4_EXIT_EFFECT_1,Does that change how you feel about …? (exited 1),Q89,Does that change how you feel about …?,numeric,single_select,"1,2,3,4",1=Much more negative; 2=Somewhat more negative; 3=No change; 4=More positive,p_l4,,,,,,,"iteration 1 of loop ""exited"""
L4_EXIT_EFFECT_2,Does that change how you feel about …? (exited 2),Q89,Does that change how you feel about …?,numeric,single_select,"1,2,3,4",1=Much more negative; 2=Somewhat more negative; 3=No change; 4=More positive,p_l4,,,,,,,"iteration 2 of loop ""exited"""
L4_EXIT_EFFECT_3,Does that change how you feel about …? (exited 3),Q89,Does that change how you feel about …?,numeric,single_select,"1,2,3,4",1=Much more negative; 2=Somewhat more negative; 3=No change; 4=More positive,p_l4,,,,,,,"iteration 3 of loop ""exited"""
L4_EXIT_EFFECT_4,Does that change how you feel about …? (exited 4),Q89,Does that change how you feel about …?,numeric,single_select,"1,2,3,4",1=Much more negative; 2=Somewhat more negative; 3=No change; 4=More positive,p_l4,,,,,,,"iteration 4 of loop ""exited"""
L4_EXIT_EFFECT_5,Does that change how you feel about …? (exited 5),Q89,Does that change how you feel about …?,numeric,single_select,"1,2,3,4",1=Much more negative; 2=Somewhat more negative; 3=No change; 4=More positive,p_l4,,,,,,,"iteration 5 of loop ""exited"""
L4_EXIT_EFFECT_6,Does that change how you feel about …? (exited 6),Q89,Does that change how you feel about …?,numeric,single_select,"1,2,3,4",1=Much more negative; 2=Somewhat more negative; 3=No change; 4=More positive,p_l4,,,,,,,"iteration 6 of loop ""exited"""
L4_EXIT_EFFECT_7,Does that change how you feel about …? (exited 7),Q89,Does that change how you feel about …?,numeric,single_select,"1,2,3,4",1=Much more negative; 2=Somewhat more negative; 3=No change; 4=More positive,p_l4,,,,,,,"iteration 7 of loop ""exited"""
L4_EXIT_EFFECT_8,Does that change how you feel about …? (exited 8),Q89,Does that change how you feel about …?,numeric,single_select,"1,2,3,4",1=Much more negative; 2=Somewhat more negative; 3=No change; 4=More positive,p_l4,,,,,,,"iteration 8 of loop ""exited"""
L4_EXIT_EFFECT_9,Does that change how you feel about …? (exited 9),Q89,Does that change how you feel about …?,numeric,single_select,"1,2,3,4",1=Much more negative; 2=Somewhat more negative; 3=No change; 4=More positive,p_l4,,,,,,,"iteration 9 of loop ""exited"""
L4_EXIT_EFFECT_10,Does that change how you feel about …? (exited 10),Q89,Does that change how you feel about …?,numeric,single_select,"1,2,3,4",1=Much more negative; 2=Somewhat more negative; 3=No change; 4=More positive,p_l4,,,,,,,"iteration 10 of loop ""exited"""
L4_EXIT_EFFECT_11,Does that change how you feel about …? (exited 11),Q89,Does that change how you feel about …?,numeric,single_select,"1,2,3,4",1=Much more negative; 2=Somewhat more negative; 3=No change; 4=More positive,p_l4,,,,,,,"iteration 11 of loop ""exited"""
L4_EXIT_EFFECT_12,Does that change how you feel about …? (exited 12),Q89,Does that change how you feel about …?,numeric,single_select,"1,2,3,4",1=Much more negative; 2=Somewhat more negative; 3=No change; 4=More positive,p_l4,,,,,,,"iteration 12 of loop ""exited"""
L4_EXIT_EFFECT_13,Does that change how you feel about …? (exited 13),Q89,Does that change how you feel about …?,numeric,single_select,"1,2,3,4",1=Much more negative; 2=Somewhat more negative; 3=No change; 4=More positive,p_l4,,,,,,,"iteration 13 of loop ""exited"""
L5_FIX_YEARS_1,"You entered … years for …, which is more than your age (…). Please re-enter the number of years you have used …. (badyears 1)",Q90,"You entered … years for …, which is more than your age (…). Please re-enter the number of years you have used ….",numeric,numeric,,,p_l5,,,,,,,"iteration 1 of loop ""badyears"""
L5_FIX_YEARS_2,"You entered … years for …, which is more than your age (…). Please re-enter the number of years you have used …. (badyears 2)",Q90,"You entered … years for …, which is more than your age (…). Please re-enter the number of years you have used ….",numeric,numeric,,,p_l5,,,,,,,"iteration 2 of loop ""badyears"""
L5_FIX_YEARS_3,"You entered … years for …, which is more than your age (…). Please re-enter the number of years you have used …. (badyears 3)",Q90,"You entered … years for …, which is more than your age (…). Please re-enter the number of years you have used ….",numeric,numeric,,,p_l5,,,,,,,"iteration 3 of loop ""badyears"""
N_PRODUCTS,How many individual technology products would you like to tell us about in detail? (1–5),Q91,How many individual technology products would you like to tell us about in detail? (1–5),numeric,numeric,,,p_l6_count,,,,,,,
L6_TYPE_1,Product … of …: what type of product is it? (product 1),Q92,Product … of …: what type of product is it?,numeric,dropdown,"1,2,3,4,5,6,7,8,9,10",1=Smartphone; 2=Laptop; 3=Tablet; 4=Smartwatch; 5=Headphones; 6=Smart speaker; 7=TV; 8=Games console; 9=Camera; 10=Other,p_l6,,,,,,,"iteration 1 of loop ""product"""
L6_TYPE_2,Product … of …: what type of product is it? (product 2),Q92,Product … of …: what type of product is it?,numeric,dropdown,"1,2,3,4,5,6,7,8,9,10",1=Smartphone; 2=Laptop; 3=Tablet; 4=Smartwatch; 5=Headphones; 6=Smart speaker; 7=TV; 8=Games console; 9=Camera; 10=Other,p_l6,,,,,,,"iteration 2 of loop ""product"""
L6_TYPE_3,Product … of …: what type of product is it? (product 3),Q92,Product … of …: what type of product is it?,numeric,dropdown,"1,2,3,4,5,6,7,8,9,10",1=Smartphone; 2=Laptop; 3=Tablet; 4=Smartwatch; 5=Headphones; 6=Smart speaker; 7=TV; 8=Games console; 9=Camera; 10=Other,p_l6,,,,,,,"iteration 3 of loop ""product"""
L6_TYPE_4,Product … of …: what type of product is it? (product 4),Q92,Product … of …: what type of product is it?,numeric,dropdown,"1,2,3,4,5,6,7,8,9,10",1=Smartphone; 2=Laptop; 3=Tablet; 4=Smartwatch; 5=Headphones; 6=Smart speaker; 7=TV; 8=Games console; 9=Camera; 10=Other,p_l6,,,,,,,"iteration 4 of loop ""product"""
L6_TYPE_5,Product … of …: what type of product is it? (product 5),Q92,Product … of …: what type of product is it?,numeric,dropdown,"1,2,3,4,5,6,7,8,9,10",1=Smartphone; 2=Laptop; 3=Tablet; 4=Smartwatch; 5=Headphones; 6=Smart speaker; 7=TV; 8=Games console; 9=Camera; 10=Other,p_l6,,,,,,,"iteration 5 of loop ""product"""
L6_NAME_1,What is the brand and model of product …? (product 1),Q93,What is the brand and model of product …?,text,open_text,,,p_l6,,,,,,,"iteration 1 of loop ""product"""
L6_NAME_2,What is the brand and model of product …? (product 2),Q93,What is the brand and model of product …?,text,open_text,,,p_l6,,,,,,,"iteration 2 of loop ""product"""
L6_NAME_3,What is the brand and model of product …? (product 3),Q93,What is the brand and model of product …?,text,open_text,,,p_l6,,,,,,,"iteration 3 of loop ""product"""
L6_NAME_4,What is the brand and model of product …? (product 4),Q93,What is the brand and model of product …?,text,open_text,,,p_l6,,,,,,,"iteration 4 of loop ""product"""
L6_NAME_5,What is the brand and model of product …? (product 5),Q93,What is the brand and model of product …?,text,open_text,,,p_l6,,,,,,,"iteration 5 of loop ""product"""
L6_PRICE_1,Roughly how much did product … cost? (product 1),Q94,Roughly how much did product … cost?,numeric,numeric,,,p_l6,,,,,,,"iteration 1 of loop ""product"""
L6_PRICE_2,Roughly how much did product … cost? (product 2),Q94,Roughly how much did product … cost?,numeric,numeric,,,p_l6,,,,,,,"iteration 2 of loop ""product"""
L6_PRICE_3,Roughly how much did product … cost? (product 3),Q94,Roughly how much did product … cost?,numeric,numeric,,,p_l6,,,,,,,"iteration 3 of loop ""product"""
L6_PRICE_4,Roughly how much did product … cost? (product 4),Q94,Roughly how much did product … cost?,numeric,numeric,,,p_l6,,,,,,,"iteration 4 of loop ""product"""
L6_PRICE_5,Roughly how much did product … cost? (product 5),Q94,Roughly how much did product … cost?,numeric,numeric,,,p_l6,,,,,,,"iteration 5 of loop ""product"""
L6_SAT_1,How satisfied are you with product …? (product 1),Q95,How satisfied are you with product …?,numeric,slider,,,p_l6,,,,,,,"iteration 1 of loop ""product"""
L6_SAT_2,How satisfied are you with product …? (product 2),Q95,How satisfied are you with product …?,numeric,slider,,,p_l6,,,,,,,"iteration 2 of loop ""product"""
L6_SAT_3,How satisfied are you with product …? (product 3),Q95,How satisfied are you with product …?,numeric,slider,,,p_l6,,,,,,,"iteration 3 of loop ""product"""
L6_SAT_4,How satisfied are you with product …? (product 4),Q95,How satisfied are you with product …?,numeric,slider,,,p_l6,,,,,,,"iteration 4 of loop ""product"""
L6_SAT_5,How satisfied are you with product …? (product 5),Q95,How satisfied are you with product …?,numeric,slider,,,p_l6,,,,,,,"iteration 5 of loop ""product"""
RAND_ANCHOR_1,Q96 — Mobile payments,Q96,Which of these features do you use on your phone at least weekly?,numeric,multi_select,"0,1",0=Not selected; 1=Selected,p_rand_1,,,,,,1,
RAND_ANCHOR_2,Q96 — Voice assistant,Q96,Which of these features do you use on your phone at least weekly?,numeric,multi_select,"0,1",0=Not selected; 1=Selected,p_rand_1,,,,,,2,
RAND_ANCHOR_3,Q96 — Navigation,Q96,Which of these features do you use on your phone at least weekly?,numeric,multi_select,"0,1",0=Not selected; 1=Selected,p_rand_1,,,,,,3,
RAND_ANCHOR_4,Q96 — Camera,Q96,Which of these features do you use on your phone at least weekly?,numeric,multi_select,"0,1",0=Not selected; 1=Selected,p_rand_1,,,,,,4,
RAND_ANCHOR_5,Q96 — Health tracking,Q96,Which of these features do you use on your phone at least weekly?,numeric,multi_select,"0,1",0=Not selected; 1=Selected,p_rand_1,,,,,,5,
RAND_ANCHOR_6,Q96 — Banking app,Q96,Which of these features do you use on your phone at least weekly?,numeric,multi_select,"0,1",0=Not selected; 1=Selected,p_rand_1,,,,,,6,
RAND_ANCHOR_7,Q96 — Smart-home control,Q96,Which of these features do you use on your phone at least weekly?,numeric,multi_select,"0,1",0=Not selected; 1=Selected,p_rand_1,,,,,,7,
RAND_ANCHOR_8,Q96 — Translation,Q96,Which of these features do you use on your phone at least weekly?,numeric,multi_select,"0,1",0=Not selected; 1=Selected,p_rand_1,,,,,,8,
RAND_ANCHOR_9,Q96 — Screen sharing,Q96,Which of these features do you use on your phone at least weekly?,numeric,multi_select,"0,1",0=Not selected; 1=Selected,p_rand_1,,,,,,9,
RAND_ANCHOR_10,Q96 — Password manager,Q96,Which of these features do you use on your phone at least weekly?,numeric,multi_select,"0,1",0=Not selected; 1=Selected,p_rand_1,,,,,,10,
RAND_ANCHOR_98,Q96 — None of these,Q96,Which of these features do you use on your phone at least weekly?,numeric,multi_select,"0,1",0=Not selected; 1=Selected,p_rand_1,,,,,,98,
RAND_ANCHOR_99,Q96 — Other,Q96,Which of these features do you use on your phone at least weekly?,numeric,multi_select,"0,1",0=Not selected; 1=Selected,p_rand_1,,,,,,99,
RAND_ANCHOR_other,Q96 — Other (specify),Q96,Which of these features do you use on your phone at least weekly?,text,multi_select,,,p_rand_1,,,,,,,
RAND_ROTATE,Which of these payment methods do you use most often?,Q97,Which of these payment methods do you use most often?,numeric,single_select,"1,2,3,4,5,6,7,8",1=Cash; 2=Debit card; 3=Credit card; 4=Mobile wallet; 5=Bank transfer; 6=Buy-now-pay-later; 7=Cryptocurrency; 8=Prepaid card,p_rand_1,,,,,,,
RAND_HALF_s1,Q98 — Technology makes my daily life easier,Q98,How much do you agree with each statement?,numeric,matrix_single,"1,2,3,4,5",1=Strongly disagree; 2=Disagree; 3=Neither agree nor disagree; 4=Agree; 5=Strongly agree,p_rand_2,,,,s1,,,
RAND_HALF_s2,Q98 — I worry about how companies use my data,Q98,How much do you agree with each statement?,numeric,matrix_single,"1,2,3,4,5",1=Strongly disagree; 2=Disagree; 3=Neither agree nor disagree; 4=Agree; 5=Strongly agree,p_rand_2,,,,s2,,,
RAND_HALF_s3,Q98 — I prefer to pay for products outright rather than subscribe,Q98,How much do you agree with each statement?,numeric,matrix_single,"1,2,3,4,5",1=Strongly disagree; 2=Disagree; 3=Neither agree nor disagree; 4=Agree; 5=Strongly agree,p_rand_2,,,,s3,,,
RAND_HALF_s4,Q98 — I trust digital banks as much as traditional banks,Q98,How much do you agree with each statement?,numeric,matrix_single,"1,2,3,4,5",1=Strongly disagree; 2=Disagree; 3=Neither agree nor disagree; 4=Agree; 5=Strongly agree,p_rand_2,,,,s4,,,
RAND_HALF_s5,Q98 — I upgrade my devices as soon as a new model is released,Q98,How much do you agree with each statement?,numeric,matrix_single,"1,2,3,4,5",1=Strongly disagree; 2=Disagree; 3=Neither agree nor disagree; 4=Agree; 5=Strongly agree,p_rand_2,,,,s5,,,
RAND_HALF_s6,Q98 — Sustainability influences which brands I buy,Q98,How much do you agree with each statement?,numeric,matrix_single,"1,2,3,4,5",1=Strongly disagree; 2=Disagree; 3=Neither agree nor disagree; 4=Agree; 5=Strongly agree,p_rand_2,,,,s6,,,
RAND_PICK_1,Q99 — Longer battery,Q99,Which of these five features would you pay extra for?,numeric,multi_select,"0,1",0=Not selected; 1=Selected,p_rand_2,,,,,,1,
RAND_PICK_2,Q99 — Better camera,Q99,Which of these five features would you pay extra for?,numeric,multi_select,"0,1",0=Not selected; 1=Selected,p_rand_2,,,,,,2,
RAND_PICK_3,Q99 — Faster charging,Q99,Which of these five features would you pay extra for?,numeric,multi_select,"0,1",0=Not selected; 1=Selected,p_rand_2,,,,,,3,
RAND_PICK_4,Q99 — More storage,Q99,Which of these five features would you pay extra for?,numeric,multi_select,"0,1",0=Not selected; 1=Selected,p_rand_2,,,,,,4,
RAND_PICK_5,Q99 — Water resistance,Q99,Which of these five features would you pay extra for?,numeric,multi_select,"0,1",0=Not selected; 1=Selected,p_rand_2,,,,,,5,
RAND_PICK_6,Q99 — Satellite messaging,Q99,Which of these five features would you pay extra for?,numeric,multi_select,"0,1",0=Not selected; 1=Selected,p_rand_2,,,,,,6,
RAND_PICK_7,Q99 — Foldable screen,Q99,Which of these five features would you pay extra for?,numeric,multi_select,"0,1",0=Not selected; 1=Selected,p_rand_2,,,,,,7,
RAND_PICK_8,Q99 — Stylus support,Q99,Which of these five features would you pay extra for?,numeric,multi_select,"0,1",0=Not selected; 1=Selected,p_rand_2,,,,,,8,
RAND_PICK_9,Q99 — Wireless charging,Q99,Which of these five features would you pay extra for?,numeric,multi_select,"0,1",0=Not selected; 1=Selected,p_rand_2,,,,,,9,
RAND_PICK_10,Q99 — Better speakers,Q99,Which of these five features would you pay extra for?,numeric,multi_select,"0,1",0=Not selected; 1=Selected,p_rand_2,,,,,,10,
RAND_PICK_11,Q99 — Under-display camera,Q99,Which of these five features would you pay extra for?,numeric,multi_select,"0,1",0=Not selected; 1=Selected,p_rand_2,,,,,,11,
RAND_PICK_12,Q99 — Titanium frame,Q99,Which of these five features would you pay extra for?,numeric,multi_select,"0,1",0=Not selected; 1=Selected,p_rand_2,,,,,,12,
RAND_COND,Which streaming service would you keep if you could keep only one?,Q100,Which streaming service would you keep if you could keep only one?,numeric,single_select,"1,2,3,4,5,6,7,8",1=Netflix; 2=Disney+; 3=Prime Video; 4=YouTube Premium; 5=Apple TV+; 6=Spotify; 7=HBO Max; 8=Paramount+,p_rand_3,,,,,,,
RAND_GROUPS,Which of these best describes your attitude to new technology?,Q101,Which of these best describes your attitude to new technology?,numeric,single_select,"1,2,3,4,5,6",1=I buy it first; 2=I buy it early; 3=I wait for reviews; 4=I buy when it's mainstream; 5=I buy when there's no choice; 6=I avoid it,p_rand_3,,,,,,,
MESSAGE_ARM,Please read the following message.,Q102,Please read the following message.,text,experiment,,A=Rational message; B=Emotional message,p_rand_experiment,,,,,,,
MESSAGE_REACT,How convincing did you find the message you just read?,Q103,How convincing did you find the message you just read?,numeric,single_select,"1,2,3,4,5",1=Not at all convincing; 2=Slightly; 3=Moderately; 4=Very; 5=Extremely convincing,p_rand_experiment,,,,,,,
ATT_PRIVACY,How concerned are you about how technology companies use your personal data?,Q104,How concerned are you about how technology companies use your personal data?,numeric,single_select,"1,2,3,4,5",1=Not at all concerned; 2=Slightly; 3=Moderately; 4=Very; 5=Extremely concerned,p_att_privacy,,,,,,,
ATT_SUSTAIN,How important is a brand's environmental record when you buy technology?,Q105,How important is a brand's environmental record when you buy technology?,numeric,single_select,"1,2,3,4,5",1=Not at all important; 2=Slightly; 3=Moderately; 4=Very; 5=Extremely important,p_att_sustain,,,,,,,
ATT_AI,How comfortable are you with AI features in your everyday devices?,Q106,How comfortable are you with AI features in your everyday devices?,numeric,single_select,"1,2,3,4,5",1=Very uncomfortable; 2=Uncomfortable; 3=Neutral; 4=Comfortable; 5=Very comfortable,p_att_ai,,,,,,,
SUM_MONTHLY_you,Q107 — Your answers / Monthly spend,Q107,"Here is a summary of what you told us (calculated, read only).",numeric,composite,,,p_calc_summary,,Y,,you,c_total,,
SUM_ANNUAL_you,Q107 — Your answers / Annualised (×12),Q107,"Here is a summary of what you told us (calculated, read only).",numeric,composite,,,p_calc_summary,,Y,,you,c_annual,,
SUM_12M_you,Q107 — Your answers / 12-month spend (sum of categories),Q107,"Here is a summary of what you told us (calculated, read only).",numeric,composite,,,p_calc_summary,,Y,,you,c_12m,,
SUM_PCT_SUB_you,Q107 — Your answers / % on subscriptions,Q107,"Here is a summary of what you told us (calculated, read only).",numeric,composite,,,p_calc_summary,,Y,,you,c_pct_sub,,
SUM_NBRANDS_you,Q107 — Your answers / Brands used,Q107,"Here is a summary of what you told us (calculated, read only).",numeric,composite,,,p_calc_summary,,Y,,you,c_nbrands,,
CALC_CONFIRM,"Your total technology spend over the last 12 months works out to about …, and your average brand rating is … out of 100. Does that look right?",Q108,"Your total technology spend over the last 12 months works out to about …, and your average brand rating is … out of 100. Does that look right?",numeric,single_select,"1,2",1=Yes; 2=No,p_calc_summary,,,,,,,
CORRECTED_TOTAL,What should the 12-month total be?,Q109,What should the 12-month total be?,numeric,numeric,,,p_calc_summary,,,,,,,
SCORE_BAND,Based on your answers we would describe you as a “…” (engagement score …/100). Does that feel accurate?,Q110,Based on your answers we would describe you as a “…” (engagement score …/100). Does that feel accurate?,numeric,single_select,"1,2,3","1=Yes, very accurate; 2=Somewhat accurate; 3=Not accurate",p_calc_segments,,,,,,,
AUTO_SEGMENT,"Spend segment (auto-populated, read only)",Q111,"Spend segment (auto-populated, read only)",numeric,single_select,"low,mid,high",low=Light spender (< 50 / month); mid=Moderate spender (50–199 / month); high=Heavy spender (200+ / month),p_calc_segments,,,,,,,
FAV_BRAND_MIRROR,Favourite brand (auto-populated from your earlier answer),Q112,Favourite brand (auto-populated from your earlier answer),numeric,single_select,"1,2,3,4,5,6,7,8,9,10,11,12",1=Apple; 2=Samsung; 3=Google; 4=Xiaomi; 5=OnePlus; 6=Sony; 7=Microsoft; 8=Amazon; 9=Huawei; 10=Lenovo; 11=Dell; 12=LG,p_calc_segments,,,,,,,
OS_FAMILY,Ecosystem (auto-populated with a mapped value),Q113,Ecosystem (auto-populated with a mapped value),numeric,single_select,"ios,android,windows,mixed",ios=Apple ecosystem; android=Android ecosystem; windows=Windows / PC ecosystem; mixed=Mixed,p_calc_segments,,,,,,,
LF_BRAND_MIRROR,Allocated evaluation brand (auto-populated from List Fill),Q114,Allocated evaluation brand (auto-populated from List Fill),numeric,single_select,"1,2,3,4,5,6,7,8,9,10,11,12",1=Apple; 2=Samsung; 3=Google; 4=Xiaomi; 5=OnePlus; 6=Sony; 7=Microsoft; 8=Amazon; 9=Huawei; 10=Lenovo; 11=Dell; 12=LG,p_calc_segments,,,,,,,
HEAVY_USER_FLAG,Heavy digital user (auto-populated from a calculation),Q115,Heavy digital user (auto-populated from a calculation),numeric,single_select,"yes,no",yes=Heavy user; no=Regular user,p_calc_segments,,,,,,,
TOP3_CONCERNS_1,Q116 — Privacy,Q116,Select exactly three concerns you have about technology.,numeric,multi_select,"0,1",0=Not selected; 1=Selected,p_val_1,,,,,,1,
TOP3_CONCERNS_2,Q116 — Cost,Q116,Select exactly three concerns you have about technology.,numeric,multi_select,"0,1",0=Not selected; 1=Selected,p_val_1,,,,,,2,
TOP3_CONCERNS_3,Q116 — Security,Q116,Select exactly three concerns you have about technology.,numeric,multi_select,"0,1",0=Not selected; 1=Selected,p_val_1,,,,,,3,
TOP3_CONCERNS_4,Q116 — Screen time,Q116,Select exactly three concerns you have about technology.,numeric,multi_select,"0,1",0=Not selected; 1=Selected,p_val_1,,,,,,4,
TOP3_CONCERNS_5,Q116 — Misinformation,Q116,Select exactly three concerns you have about technology.,numeric,multi_select,"0,1",0=Not selected; 1=Selected,p_val_1,,,,,,5,
TOP3_CONCERNS_6,Q116 — Job displacement,Q116,Select exactly three concerns you have about technology.,numeric,multi_select,"0,1",0=Not selected; 1=Selected,p_val_1,,,,,,6,
TOP3_CONCERNS_7,Q116 — Environmental impact,Q116,Select exactly three concerns you have about technology.,numeric,multi_select,"0,1",0=Not selected; 1=Selected,p_val_1,,,,,,7,
TOP3_CONCERNS_8,Q116 — Accessibility,Q116,Select exactly three concerns you have about technology.,numeric,multi_select,"0,1",0=Not selected; 1=Selected,p_val_1,,,,,,8,
TOP3_CONCERNS_9,Q116 — Children's safety,Q116,Select exactly three concerns you have about technology.,numeric,multi_select,"0,1",0=Not selected; 1=Selected,p_val_1,,,,,,9,
TOP3_CONCERNS_10,Q116 — Addiction,Q116,Select exactly three concerns you have about technology.,numeric,multi_select,"0,1",0=Not selected; 1=Selected,p_val_1,,,,,,10,
POSTCODE,What is your postal / ZIP code?,Q117,What is your postal / ZIP code?,text,open_text,,,p_val_1,,,,,,,
DEVICES_COUNT,How many connected devices are in your home in total?,Q118,How many connected devices are in your home in total?,numeric,numeric,,,p_val_1,,,,,,,
FEEDBACK_SHORT,"In a few words, what is the best thing about your main device?",Q119,"In a few words, what is the best thing about your main device?",text,open_text,,,p_val_2,,,,,,,
UPGRADE_FROM_w,Q120 — Planned window / From,Q120,When do you plan your next upgrade window?,date,composite,,,p_val_2,,,,w,c_from,,
UPGRADE_TO_w,Q120 — Planned window / To,Q120,When do you plan your next upgrade window?,date,composite,,,p_val_2,,,,w,c_to,,
UPGRADE_BUDGET_w,Q120 — Planned window / Budget,Q120,When do you plan your next upgrade window?,numeric,composite,,,p_val_2,,,,w,c_budget,,
QUOTA_CELL,"Sample cell (auto-populated from gender × age, read only)",Q121,"Sample cell (auto-populated from gender × age, read only)",numeric,single_select,"m_young,m_old,f_young,f_old,other",m_young=Male 18–34; m_old=Male 35+; f_young=Female 18–34; f_old=Female 35+; other=Other / not stated,p_quota_cell,,,,,,,
QUOTA_FLAG,Hidden quota flag,H7,Hidden quota flag,numeric,calculated,,,p_quota_cell,,Y,Y,,,,
HIDDEN_SCORE,Hidden score,H8,Hidden score,numeric,calculated,,,p_calc_summary,,Y,Y,,,,
LOOP_CAP,Hidden loop control,H9,Hidden loop control,numeric,calculated,,,,,Y,Y,,,,
CBC_TASKS,Q122 — task responses,Q122,Which of these would you choose?,text,conjoint_task,,,p_cbc,,,,,,,One column per task expanded at export from the design file.
CBC_DRIVER,Which single attribute mattered most in the choices you just made?,Q123,Which single attribute mattered most in the choices you just made?,numeric,single_select,"1,2,3,4",1=Brand tier; 2=Price; 3=Battery life; 4=Warranty,p_cbc_follow,,,,,,,
CBC_WHY,Why did … matter most?,Q124,Why did … matter most?,text,long_text,,,p_cbc_follow,,,,,,,
MD_TASKS,Q125 — task responses,Q125,"For each set, pick the feature that matters MOST and the one that matters LEAST when buying a phone.",text,maxdiff_task,,,p_maxdiff,,,,,,,One column per task expanded at export from the design file.
MD_TOP3_f1,Q126 — rank of Battery life,Q126,"Overall, rank the three features that matter most to you.",numeric,ranking,,,p_maxdiff_follow,,,,,,f1,
MD_TOP3_f2,Q126 — rank of Camera quality,Q126,"Overall, rank the three features that matter most to you.",numeric,ranking,,,p_maxdiff_follow,,,,,,f2,
MD_TOP3_f3,Q126 — rank of Price,Q126,"Overall, rank the three features that matter most to you.",numeric,ranking,,,p_maxdiff_follow,,,,,,f3,
MD_TOP3_f4,Q126 — rank of Screen quality,Q126,"Overall, rank the three features that matter most to you.",numeric,ranking,,,p_maxdiff_follow,,,,,,f4,
MD_TOP3_f5,Q126 — rank of Brand reputation,Q126,"Overall, rank the three features that matter most to you.",numeric,ranking,,,p_maxdiff_follow,,,,,,f5,
MD_TOP3_f6,Q126 — rank of 5G / connectivity,Q126,"Overall, rank the three features that matter most to you.",numeric,ranking,,,p_maxdiff_follow,,,,,,f6,
MD_TOP3_f7,Q126 — rank of Software updates,Q126,"Overall, rank the three features that matter most to you.",numeric,ranking,,,p_maxdiff_follow,,,,,,f7,
MD_TOP3_f8,Q126 — rank of Privacy & security,Q126,"Overall, rank the three features that matter most to you.",numeric,ranking,,,p_maxdiff_follow,,,,,,f8,
MD_TOP3_f9,Q126 — rank of Repairability,Q126,"Overall, rank the three features that matter most to you.",numeric,ranking,,,p_maxdiff_follow,,,,,,f9,
MD_TOP3_f10,Q126 — rank of Ecosystem integration,Q126,"Overall, rank the three features that matter most to you.",numeric,ranking,,,p_maxdiff_follow,,,,,,f10,
MD_TOP3_f11,Q126 — rank of Customer support,Q126,"Overall, rank the three features that matter most to you.",numeric,ranking,,,p_maxdiff_follow,,,,,,f11,
MD_TOP3_f12,Q126 — rank of Resale value,Q126,"Overall, rank the three features that matter most to you.",numeric,ranking,,,p_maxdiff_follow,,,,,,f12,
CD_AGREE_1,Statement: “…” (… · intensity level …). How much do you agree? (task 1),Q127,Statement: “…” (… · intensity level …). How much do you agree?,numeric,single_select,"1,2,3,4,5",1=Strongly disagree; 2=Disagree; 3=Neither agree nor disagree; 4=Agree; 5=Strongly agree,p_cd,,,,,,,"iteration 1 of loop ""task"""
CD_AGREE_2,Statement: “…” (… · intensity level …). How much do you agree? (task 2),Q127,Statement: “…” (… · intensity level …). How much do you agree?,numeric,single_select,"1,2,3,4,5",1=Strongly disagree; 2=Disagree; 3=Neither agree nor disagree; 4=Agree; 5=Strongly agree,p_cd,,,,,,,"iteration 2 of loop ""task"""
CD_AGREE_3,Statement: “…” (… · intensity level …). How much do you agree? (task 3),Q127,Statement: “…” (… · intensity level …). How much do you agree?,numeric,single_select,"1,2,3,4,5",1=Strongly disagree; 2=Disagree; 3=Neither agree nor disagree; 4=Agree; 5=Strongly agree,p_cd,,,,,,,"iteration 3 of loop ""task"""
CD_WHY_1,Why do you feel that way about “…”? (task 1),Q128,Why do you feel that way about “…”?,text,long_text,,,p_cd,,,,,,,"iteration 1 of loop ""task"""
CD_WHY_2,Why do you feel that way about “…”? (task 2),Q128,Why do you feel that way about “…”?,text,long_text,,,p_cd,,,,,,,"iteration 2 of loop ""task"""
CD_WHY_3,Why do you feel that way about “…”? (task 3),Q128,Why do you feel that way about “…”?,text,long_text,,,p_cd,,,,,,,"iteration 3 of loop ""task"""
PG_PRIMARY_phone,Q129 — Smartphone / Primary device?,Q129,"For each product you own, tell us a bit more.",numeric,composite,"1,2",1=Yes; 2=No,p_spec_grid,,,,phone,c_primary,,
PG_PRIMARY_laptop,Q129 — Laptop / Primary device?,Q129,"For each product you own, tell us a bit more.",numeric,composite,"1,2",1=Yes; 2=No,p_spec_grid,,,,laptop,c_primary,,
PG_PRIMARY_tablet,Q129 — Tablet / Primary device?,Q129,"For each product you own, tell us a bit more.",numeric,composite,"1,2",1=Yes; 2=No,p_spec_grid,,,,tablet,c_primary,,
PG_FEATURES_phone_1,Q129 — Smartphone / Features used / Camera,Q129,"For each product you own, tell us a bit more.",numeric,composite,"0,1",0=Not selected; 1=Selected,p_spec_grid,,,,phone,c_features,1,
PG_FEATURES_phone_2,Q129 — Smartphone / Features used / Gaming,Q129,"For each product you own, tell us a bit more.",numeric,composite,"0,1",0=Not selected; 1=Selected,p_spec_grid,,,,phone,c_features,2,
PG_FEATURES_phone_3,Q129 — Smartphone / Features used / Work,Q129,"For each product you own, tell us a bit more.",numeric,composite,"0,1",0=Not selected; 1=Selected,p_spec_grid,,,,phone,c_features,3,
PG_FEATURES_phone_4,Q129 — Smartphone / Features used / Streaming,Q129,"For each product you own, tell us a bit more.",numeric,composite,"0,1",0=Not selected; 1=Selected,p_spec_grid,,,,phone,c_features,4,
PG_FEATURES_phone_5,Q129 — Smartphone / Features used / Payments,Q129,"For each product you own, tell us a bit more.",numeric,composite,"0,1",0=Not selected; 1=Selected,p_spec_grid,,,,phone,c_features,5,
PG_FEATURES_laptop_1,Q129 — Laptop / Features used / Camera,Q129,"For each product you own, tell us a bit more.",numeric,composite,"0,1",0=Not selected; 1=Selected,p_spec_grid,,,,laptop,c_features,1,
PG_FEATURES_laptop_2,Q129 — Laptop / Features used / Gaming,Q129,"For each product you own, tell us a bit more.",numeric,composite,"0,1",0=Not selected; 1=Selected,p_spec_grid,,,,laptop,c_features,2,
PG_FEATURES_laptop_3,Q129 — Laptop / Features used / Work,Q129,"For each product you own, tell us a bit more.",numeric,composite,"0,1",0=Not selected; 1=Selected,p_spec_grid,,,,laptop,c_features,3,
PG_FEATURES_laptop_4,Q129 — Laptop / Features used / Streaming,Q129,"For each product you own, tell us a bit more.",numeric,composite,"0,1",0=Not selected; 1=Selected,p_spec_grid,,,,laptop,c_features,4,
PG_FEATURES_laptop_5,Q129 — Laptop / Features used / Payments,Q129,"For each product you own, tell us a bit more.",numeric,composite,"0,1",0=Not selected; 1=Selected,p_spec_grid,,,,laptop,c_features,5,
PG_FEATURES_tablet_1,Q129 — Tablet / Features used / Camera,Q129,"For each product you own, tell us a bit more.",numeric,composite,"0,1",0=Not selected; 1=Selected,p_spec_grid,,,,tablet,c_features,1,
PG_FEATURES_tablet_2,Q129 — Tablet / Features used / Gaming,Q129,"For each product you own, tell us a bit more.",numeric,composite,"0,1",0=Not selected; 1=Selected,p_spec_grid,,,,tablet,c_features,2,
PG_FEATURES_tablet_3,Q129 — Tablet / Features used / Work,Q129,"For each product you own, tell us a bit more.",numeric,composite,"0,1",0=Not selected; 1=Selected,p_spec_grid,,,,tablet,c_features,3,
PG_FEATURES_tablet_4,Q129 — Tablet / Features used / Streaming,Q129,"For each product you own, tell us a bit more.",numeric,composite,"0,1",0=Not selected; 1=Selected,p_spec_grid,,,,tablet,c_features,4,
PG_FEATURES_tablet_5,Q129 — Tablet / Features used / Payments,Q129,"For each product you own, tell us a bit more.",numeric,composite,"0,1",0=Not selected; 1=Selected,p_spec_grid,,,,tablet,c_features,5,
PG_FREQ_phone,Q129 — Smartphone / Usage,Q129,"For each product you own, tell us a bit more.",numeric,composite,"1,2,3,4,5,6",1=Daily; 2=Several times a week; 3=Weekly; 4=Monthly; 5=Less often; 6=Never,p_spec_grid,,,,phone,c_freq,,
PG_FREQ_laptop,Q129 — Laptop / Usage,Q129,"For each product you own, tell us a bit more.",numeric,composite,"1,2,3,4,5,6",1=Daily; 2=Several times a week; 3=Weekly; 4=Monthly; 5=Less often; 6=Never,p_spec_grid,,,,laptop,c_freq,,
PG_FREQ_tablet,Q129 — Tablet / Usage,Q129,"For each product you own, tell us a bit more.",numeric,composite,"1,2,3,4,5,6",1=Daily; 2=Several times a week; 3=Weekly; 4=Monthly; 5=Less often; 6=Never,p_spec_grid,,,,tablet,c_freq,,
PG_COMMENT_phone,Q129 — Smartphone / Comment,Q129,"For each product you own, tell us a bit more.",text,composite,,,p_spec_grid,,,,phone,c_comment,,
PG_COMMENT_laptop,Q129 — Laptop / Comment,Q129,"For each product you own, tell us a bit more.",text,composite,,,p_spec_grid,,,,laptop,c_comment,,
PG_COMMENT_tablet,Q129 — Tablet / Comment,Q129,"For each product you own, tell us a bit more.",text,composite,,,p_spec_grid,,,,tablet,c_comment,,
PG_RATING_phone,Q129 — Smartphone / Rating 1–10,Q129,"For each product you own, tell us a bit more.",numeric,composite,,,p_spec_grid,,,,phone,c_rating,,
PG_RATING_laptop,Q129 — Laptop / Rating 1–10,Q129,"For each product you own, tell us a bit more.",numeric,composite,,,p_spec_grid,,,,laptop,c_rating,,
PG_RATING_tablet,Q129 — Tablet / Rating 1–10,Q129,"For each product you own, tell us a bit more.",numeric,composite,,,p_spec_grid,,,,tablet,c_rating,,
TIME_PHONE_weekday,Q130 — Weekdays / Phone,Q130,"Split 100% of your weekly screen time across devices, for weekdays and weekends.",numeric,custom_table,,,p_spec_grid,,,,weekday,c_0,,
TIME_PHONE_weekend,Q130 — Weekends / Phone,Q130,"Split 100% of your weekly screen time across devices, for weekdays and weekends.",numeric,custom_table,,,p_spec_grid,,,,weekend,c_0,,
TIME_LAPTOP_weekday,Q130 — Weekdays / Laptop / PC,Q130,"Split 100% of your weekly screen time across devices, for weekdays and weekends.",numeric,custom_table,,,p_spec_grid,,,,weekday,c_1,,
TIME_LAPTOP_weekend,Q130 — Weekends / Laptop / PC,Q130,"Split 100% of your weekly screen time across devices, for weekdays and weekends.",numeric,custom_table,,,p_spec_grid,,,,weekend,c_1,,
TIME_TABLET_weekday,Q130 — Weekdays / Tablet,Q130,"Split 100% of your weekly screen time across devices, for weekdays and weekends.",numeric,custom_table,,,p_spec_grid,,,,weekday,c_2,,
TIME_TABLET_weekend,Q130 — Weekends / Tablet,Q130,"Split 100% of your weekly screen time across devices, for weekdays and weekends.",numeric,custom_table,,,p_spec_grid,,,,weekend,c_2,,
TIME_TV_weekday,Q130 — Weekdays / TV,Q130,"Split 100% of your weekly screen time across devices, for weekdays and weekends.",numeric,custom_table,,,p_spec_grid,,,,weekday,c_3,,
TIME_TV_weekend,Q130 — Weekends / TV,Q130,"Split 100% of your weekly screen time across devices, for weekdays and weekends.",numeric,custom_table,,,p_spec_grid,,,,weekend,c_3,,
SUBSCRIPTION_N,Q131 — number of entries,Q131,List the paid digital subscriptions you have (add as many as apply).,numeric,repeating_group,,,p_spec_repeat,,,,,,,
SUBSCRIPTION_1_service,Q131 — entry 1: Service name,Q131,List the paid digital subscriptions you have (add as many as apply).,text,repeating_group,,,p_spec_repeat,,,,,,,
SUBSCRIPTION_1_cost,Q131 — entry 1: Monthly cost,Q131,List the paid digital subscriptions you have (add as many as apply).,numeric,repeating_group,,,p_spec_repeat,,,,,,,
SUBSCRIPTION_1_since,Q131 — entry 1: Subscribed since,Q131,List the paid digital subscriptions you have (add as many as apply).,text,repeating_group,,,p_spec_repeat,,,,,,,
SUBSCRIPTION_2_service,Q131 — entry 2: Service name,Q131,List the paid digital subscriptions you have (add as many as apply).,text,repeating_group,,,p_spec_repeat,,,,,,,
SUBSCRIPTION_2_cost,Q131 — entry 2: Monthly cost,Q131,List the paid digital subscriptions you have (add as many as apply).,numeric,repeating_group,,,p_spec_repeat,,,,,,,
SUBSCRIPTION_2_since,Q131 — entry 2: Subscribed since,Q131,List the paid digital subscriptions you have (add as many as apply).,text,repeating_group,,,p_spec_repeat,,,,,,,
SUBSCRIPTION_3_service,Q131 — entry 3: Service name,Q131,List the paid digital subscriptions you have (add as many as apply).,text,repeating_group,,,p_spec_repeat,,,,,,,
SUBSCRIPTION_3_cost,Q131 — entry 3: Monthly cost,Q131,List the paid digital subscriptions you have (add as many as apply).,numeric,repeating_group,,,p_spec_repeat,,,,,,,
SUBSCRIPTION_3_since,Q131 — entry 3: Subscribed since,Q131,List the paid digital subscriptions you have (add as many as apply).,text,repeating_group,,,p_spec_repeat,,,,,,,
SUBSCRIPTION_4_service,Q131 — entry 4: Service name,Q131,List the paid digital subscriptions you have (add as many as apply).,text,repeating_group,,,p_spec_repeat,,,,,,,
SUBSCRIPTION_4_cost,Q131 — entry 4: Monthly cost,Q131,List the paid digital subscriptions you have (add as many as apply).,numeric,repeating_group,,,p_spec_repeat,,,,,,,
SUBSCRIPTION_4_since,Q131 — entry 4: Subscribed since,Q131,List the paid digital subscriptions you have (add as many as apply).,text,repeating_group,,,p_spec_repeat,,,,,,,
SUBSCRIPTION_5_service,Q131 — entry 5: Service name,Q131,List the paid digital subscriptions you have (add as many as apply).,text,repeating_group,,,p_spec_repeat,,,,,,,
SUBSCRIPTION_5_cost,Q131 — entry 5: Monthly cost,Q131,List the paid digital subscriptions you have (add as many as apply).,numeric,repeating_group,,,p_spec_repeat,,,,,,,
SUBSCRIPTION_5_since,Q131 — entry 5: Subscribed since,Q131,List the paid digital subscriptions you have (add as many as apply).,text,repeating_group,,,p_spec_repeat,,,,,,,
SUBSCRIPTION_6_service,Q131 — entry 6: Service name,Q131,List the paid digital subscriptions you have (add as many as apply).,text,repeating_group,,,p_spec_repeat,,,,,,,
SUBSCRIPTION_6_cost,Q131 — entry 6: Monthly cost,Q131,List the paid digital subscriptions you have (add as many as apply).,numeric,repeating_group,,,p_spec_repeat,,,,,,,
SUBSCRIPTION_6_since,Q131 — entry 6: Subscribed since,Q131,List the paid digital subscriptions you have (add as many as apply).,text,repeating_group,,,p_spec_repeat,,,,,,,
SUBSCRIPTION_7_service,Q131 — entry 7: Service name,Q131,List the paid digital subscriptions you have (add as many as apply).,text,repeating_group,,,p_spec_repeat,,,,,,,
SUBSCRIPTION_7_cost,Q131 — entry 7: Monthly cost,Q131,List the paid digital subscriptions you have (add as many as apply).,numeric,repeating_group,,,p_spec_repeat,,,,,,,
SUBSCRIPTION_7_since,Q131 — entry 7: Subscribed since,Q131,List the paid digital subscriptions you have (add as many as apply).,text,repeating_group,,,p_spec_repeat,,,,,,,
SUBSCRIPTION_8_service,Q131 — entry 8: Service name,Q131,List the paid digital subscriptions you have (add as many as apply).,text,repeating_group,,,p_spec_repeat,,,,,,,
SUBSCRIPTION_8_cost,Q131 — entry 8: Monthly cost,Q131,List the paid digital subscriptions you have (add as many as apply).,numeric,repeating_group,,,p_spec_repeat,,,,,,,
SUBSCRIPTION_8_since,Q131 — entry 8: Subscribed since,Q131,List the paid digital subscriptions you have (add as many as apply).,text,repeating_group,,,p_spec_repeat,,,,,,,
HOTSPOT_1_X,Q132 — point 1 X (%),Q132,Click the area of this device that you touch most often.,numeric,hotspot,,,p_spec_media,,,,,,,
HOTSPOT_1_Y,Q132 — point 1 Y (%),Q132,Click the area of this device that you touch most often.,numeric,hotspot,,,p_spec_media,,,,,,,
ANNOTATE_PINS,Q133 — number of pins,Q133,"Mark anything you would change about this concept design (pin + comment, or draw).",numeric,annotation,,,p_spec_media,,,,,,,
ANNOTATE_STROKES,Q133 — number of strokes,Q133,"Mark anything you would change about this concept design (pin + comment, or draw).",numeric,annotation,,,p_spec_media,,,,,,,
ANNOTATE_JSON,Q133 — marks (JSON),Q133,"Mark anything you would change about this concept design (pin + comment, or draw).",text,annotation,,,p_spec_media,,,,,,,"Pins as {x,y,comment} percentages and strokes as point lists."
COLOUR_RANK_graphite,Q134 — rank of Graphite,Q134,Rank these colour finishes from most to least appealing.,numeric,image_ranking,,,p_spec_media,,,,,,graphite,
COLOUR_RANK_silver,Q134 — rank of Silver,Q134,Rank these colour finishes from most to least appealing.,numeric,image_ranking,,,p_spec_media,,,,,,silver,
COLOUR_RANK_blue,Q134 — rank of Ocean blue,Q134,Rank these colour finishes from most to least appealing.,numeric,image_ranking,,,p_spec_media,,,,,,blue,
COLOUR_RANK_green,Q134 — rank of Forest green,Q134,Rank these colour finishes from most to least appealing.,numeric,image_ranking,,,p_spec_media,,,,,,green,
RECEIPT_URL,Q135 — file URL,Q135,"Optionally, upload a photo or screenshot of your most recent technology receipt.",text,upload,,,p_spec_media,,,,,,,
RECEIPT_NAME,Q135 — file name,Q135,"Optionally, upload a photo or screenshot of your most recent technology receipt.",text,upload,,,p_spec_media,,,,,,,
RECEIPT_SIZE,Q135 — file size (bytes),Q135,"Optionally, upload a photo or screenshot of your most recent technology receipt.",numeric,upload,,,p_spec_media,,,,,,,
AD_REACTION_N,Q136 — number of reactions,Q136,Watch this short clip and tap a reaction whenever you feel one.,numeric,media_timeline,,,p_spec_media,,,,,,,
AD_REACTION_JSON,Q136 — reactions (JSON),Q136,Watch this short clip and tap a reaction whenever you feel one.,text,media_timeline,,,p_spec_media,,,,,,,"Each reaction is {t: seconds, code} — code is the option chosen, or 1 for a plain tap."
AD_REACTION_1_N,Q136 — Like count,Q136,Watch this short clip and tap a reaction whenever you feel one.,numeric,media_timeline,,,p_spec_media,,,,,,,
AD_REACTION_2_N,Q136 — Dislike count,Q136,Watch this short clip and tap a reaction whenever you feel one.,numeric,media_timeline,,,p_spec_media,,,,,,,
AD_REACTION_3_N,Q136 — Confused count,Q136,Watch this short clip and tap a reaction whenever you feel one.,numeric,media_timeline,,,p_spec_media,,,,,,,
AD_REACTION_4_N,Q136 — Interested count,Q136,Watch this short clip and tap a reaction whenever you feel one.,numeric,media_timeline,,,p_spec_media,,,,,,,
ADAPTIVE_Q,Which of these would most improve your experience with technology?,Q137,Which of these would most improve your experience with technology?,numeric,single_select,"1,2,3,4",1=Lower prices; 2=Better privacy; 3=Simpler interfaces; 4=Longer support,p_spec_variants,,,,,,,
SWIPE_STATEMENT,“I would pay more for a device that is easy to repair.”,Q138,“I would pay more for a device that is easy to repair.”,numeric,single_select,"agree,disagree",agree=Agree; disagree=Disagree,p_spec_variants,,,,,,,
SURVEY_STARS,How would you rate the design of the products you saw in this survey?,Q139,How would you rate the design of the products you saw in this survey?,numeric,single_select,"1,2,3,4,5",1=1; 2=2; 3=3; 4=4; 5=5,p_spec_variants,,,,,,,
OE_IMPROVE,What would most improve your experience with your main device?,Q140,What would most improve your experience with your main device?,text,long_text,,,p_oe_1,,,,,,,
OE_BRAND_PERCEPTION,How would you describe … to someone who has never heard of it?,Q141,How would you describe … to someone who has never heard of it?,text,long_text,,,p_oe_1,,,,,,,
OE_DETRACTOR,You gave your main device a … out of 10. What would it take to make that a 9 or 10?,Q142,You gave your main device a … out of 10. What would it take to make that a 9 or 10?,text,long_text,,,p_oe_1,,,,,,,
OE_RANK_FIRST,You ranked “…” as your top priority. Why?,Q143,You ranked “…” as your top priority. Why?,text,long_text,,,p_oe_2,,,,,,,
OE_SUGGEST,One suggestion for technology brands in 2026:,Q144,One suggestion for technology brands in 2026:,text,open_text,,,p_oe_2,,,,,,,
OE_FINANCE,How has digital banking changed the way you manage money?,Q145,How has digital banking changed the way you manage money?,text,long_text,,,p_oe_2,,,,,,,
SURVEY_SAT,How was your experience completing this survey?,Q146,How was your experience completing this survey?,numeric,single_select,"1,2,3,4,5",1=Very dissatisfied; 2=Dissatisfied; 3=Neutral; 4=Satisfied; 5=Very satisfied,p_final,,,,,,,
RECONTACT,Would you be willing to be re-contacted for a follow-up interview?,Q147,Would you be willing to be re-contacted for a follow-up interview?,numeric,single_select,"1,2",1=Yes; 2=No,p_final,,,,,,,
RECONTACT_EMAIL,Please confirm the best email address to reach you on.,Q148,Please confirm the best email address to reach you on.,text,open_text,,,p_final,,,,,,,
FINAL_COMMENTS,Any final comments?,Q149,Any final comments?,text,long_text,,,p_final,,,,,,,
N_AWARE,Number of brands aware of,,,numeric,calculation,,,,,Y,Y,,,,= count(BRANDS_AWARE) - BRANDS_AWARE_98
N_BRANDS_USED,Number of brands used,,,numeric,calculation,,,,,Y,Y,,,,= count(BRANDS_USED)
N_AWARE_NOT_USED,Aware but not used,,,numeric,calculation,,,,,Y,Y,,,,= N_AWARE - N_BRANDS_USED
N_FIN_PRODUCTS,Financial products used,,,numeric,calculation,,,,,Y,Y,,,,= count(FIN_PRODUCTS) - FIN_PRODUCTS_98
TOTAL_SPEND_12M,Total 12-month spend,,,numeric,calculation,,,,,Y,Y,,,,= sum(SPEND_12M_*)
ANNUAL_SPEND,Annualised monthly spend,,,numeric,calculation,,,,,Y,Y,,,,= MONTHLY_SPEND * 12
PCT_SUBSCRIPTIONS,% of spend on subscriptions,,,numeric,calculation,,,,,Y,Y,,,,"= round(pct(SUB_SPEND, MONTHLY_SPEND), 1)"
AVG_BRAND_RATING,Average loop brand rating,,,numeric,calculation,,,,,Y,Y,,,,"= round(avg(L1_SAT_*), 1)"
ENGAGEMENT_SCORE,Weighted engagement score (0–100),,,numeric,calculation,,,,,Y,Y,,,,"= round(weighted(min(HOURS_ONLINE, 10) * 10, 0.4, count(APPS) * 100 / 15, 0.3, N_BRANDS_USED * 100 / 12, 0.3), 0)"
TECH_SEGMENT,Technology segment,,,text,calculation,,,,,Y,Y,,,,"= if(ENGAGEMENT_SCORE >= 70, 'Digital Native', if(ENGAGEMENT_SCORE >= 40, 'Connected Mainstream', 'Selective User'))"
NPS_SEGMENT,NPS segment,,,text,calculation,,,,,Y,Y,,,,"= if(NPS_DEVICE >= 9, 'promoter', if(NPS_DEVICE >= 7, 'passive', 'detractor'))"
LF_EVAL_COUNT,"List Fill count (min(2, brands used))",,,numeric,calculation,,,,,Y,Y,,,,"= min(2, N_BRANDS_USED)"
TOTAL_SCORE,Total score (sum of loop NPS),,,numeric,calculation,,,,,Y,Y,,,,= sum(L1_NPS_*)
PANEL_ID,Panel respondent id,,,text,embedded_data,,,,,,Y,,,,url
SOURCE,Traffic source,,,text,embedded_data,,,,,,Y,,,,url
WAVE,Fieldwork wave,,,text,embedded_data,,,,,,Y,,,,static
SAMPLE_TYPE,Derived sample type,,,text,embedded_data,,,,,,Y,,,,expression
LISTFILL_BRAND_EVAL_COUNT,Brand evaluation allocation (priority → cap → quota → random fallback) (List Fill) — number allocated,,,numeric,list_fill,,,,,Y,Y,,,,"List Fill ""BRAND_EVAL"" — priority_quota, sample-level allocation"
LISTFILL_BRAND_EVAL_1,Brand evaluation allocation (priority → cap → quota → random fallback) (List Fill) — item 1,,,text,list_fill,,,,,Y,Y,,,,"List Fill ""BRAND_EVAL"" — priority_quota, sample-level allocation"
LISTFILL_BRAND_EVAL_1_CODE,Brand evaluation allocation (priority → cap → quota → random fallback) (List Fill) — item 1 code,,,text,list_fill,"1,2,3,4,5,6,7,8,9,10,11,12",1=Apple; 2=Samsung; 3=Google; 4=Xiaomi; 5=OnePlus; 6=Sony; 7=Microsoft; 8=Amazon; 9=Huawei; 10=Lenovo; 11=Dell; 12=LG,,,Y,Y,,,,"List Fill ""BRAND_EVAL"" — priority_quota, sample-level allocation"
LISTFILL_BRAND_EVAL_1_POSITION,Brand evaluation allocation (priority → cap → quota → random fallback) (List Fill) — item 1 position,,,numeric,list_fill,,,,,Y,Y,,,,"List Fill ""BRAND_EVAL"" — priority_quota, sample-level allocation"
LISTFILL_BRAND_EVAL_2,Brand evaluation allocation (priority → cap → quota → random fallback) (List Fill) — item 2,,,text,list_fill,,,,,Y,Y,,,,"List Fill ""BRAND_EVAL"" — priority_quota, sample-level allocation"
LISTFILL_BRAND_EVAL_2_CODE,Brand evaluation allocation (priority → cap → quota → random fallback) (List Fill) — item 2 code,,,text,list_fill,"1,2,3,4,5,6,7,8,9,10,11,12",1=Apple; 2=Samsung; 3=Google; 4=Xiaomi; 5=OnePlus; 6=Sony; 7=Microsoft; 8=Amazon; 9=Huawei; 10=Lenovo; 11=Dell; 12=LG,,,Y,Y,,,,"List Fill ""BRAND_EVAL"" — priority_quota, sample-level allocation"
LISTFILL_BRAND_EVAL_2_POSITION,Brand evaluation allocation (priority → cap → quota → random fallback) (List Fill) — item 2 position,,,numeric,list_fill,,,,,Y,Y,,,,"List Fill ""BRAND_EVAL"" — priority_quota, sample-level allocation"
LISTFILL_BRAND_EVAL_3,Brand evaluation allocation (priority → cap → quota → random fallback) (List Fill) — item 3,,,text,list_fill,,,,,Y,Y,,,,"List Fill ""BRAND_EVAL"" — priority_quota, sample-level allocation"
LISTFILL_BRAND_EVAL_3_CODE,Brand evaluation allocation (priority → cap → quota → random fallback) (List Fill) — item 3 code,,,text,list_fill,"1,2,3,4,5,6,7,8,9,10,11,12",1=Apple; 2=Samsung; 3=Google; 4=Xiaomi; 5=OnePlus; 6=Sony; 7=Microsoft; 8=Amazon; 9=Huawei; 10=Lenovo; 11=Dell; 12=LG,,,Y,Y,,,,"List Fill ""BRAND_EVAL"" — priority_quota, sample-level allocation"
LISTFILL_BRAND_EVAL_3_POSITION,Brand evaluation allocation (priority → cap → quota → random fallback) (List Fill) — item 3 position,,,numeric,list_fill,,,,,Y,Y,,,,"List Fill ""BRAND_EVAL"" — priority_quota, sample-level allocation"
LISTFILL_BRAND_EVAL_4,Brand evaluation allocation (priority → cap → quota → random fallback) (List Fill) — item 4,,,text,list_fill,,,,,Y,Y,,,,"List Fill ""BRAND_EVAL"" — priority_quota, sample-level allocation"
LISTFILL_BRAND_EVAL_4_CODE,Brand evaluation allocation (priority → cap → quota → random fallback) (List Fill) — item 4 code,,,text,list_fill,"1,2,3,4,5,6,7,8,9,10,11,12",1=Apple; 2=Samsung; 3=Google; 4=Xiaomi; 5=OnePlus; 6=Sony; 7=Microsoft; 8=Amazon; 9=Huawei; 10=Lenovo; 11=Dell; 12=LG,,,Y,Y,,,,"List Fill ""BRAND_EVAL"" — priority_quota, sample-level allocation"
LISTFILL_BRAND_EVAL_4_POSITION,Brand evaluation allocation (priority → cap → quota → random fallback) (List Fill) — item 4 position,,,numeric,list_fill,,,,,Y,Y,,,,"List Fill ""BRAND_EVAL"" — priority_quota, sample-level allocation"
LISTFILL_BRAND_EVAL_5,Brand evaluation allocation (priority → cap → quota → random fallback) (List Fill) — item 5,,,text,list_fill,,,,,Y,Y,,,,"List Fill ""BRAND_EVAL"" — priority_quota, sample-level allocation"
LISTFILL_BRAND_EVAL_5_CODE,Brand evaluation allocation (priority → cap → quota → random fallback) (List Fill) — item 5 code,,,text,list_fill,"1,2,3,4,5,6,7,8,9,10,11,12",1=Apple; 2=Samsung; 3=Google; 4=Xiaomi; 5=OnePlus; 6=Sony; 7=Microsoft; 8=Amazon; 9=Huawei; 10=Lenovo; 11=Dell; 12=LG,,,Y,Y,,,,"List Fill ""BRAND_EVAL"" — priority_quota, sample-level allocation"
LISTFILL_BRAND_EVAL_5_POSITION,Brand evaluation allocation (priority → cap → quota → random fallback) (List Fill) — item 5 position,,,numeric,list_fill,,,,,Y,Y,,,,"List Fill ""BRAND_EVAL"" — priority_quota, sample-level allocation"
LISTFILL_BRAND_EVAL_6,Brand evaluation allocation (priority → cap → quota → random fallback) (List Fill) — item 6,,,text,list_fill,,,,,Y,Y,,,,"List Fill ""BRAND_EVAL"" — priority_quota, sample-level allocation"
LISTFILL_BRAND_EVAL_6_CODE,Brand evaluation allocation (priority → cap → quota → random fallback) (List Fill) — item 6 code,,,text,list_fill,"1,2,3,4,5,6,7,8,9,10,11,12",1=Apple; 2=Samsung; 3=Google; 4=Xiaomi; 5=OnePlus; 6=Sony; 7=Microsoft; 8=Amazon; 9=Huawei; 10=Lenovo; 11=Dell; 12=LG,,,Y,Y,,,,"List Fill ""BRAND_EVAL"" — priority_quota, sample-level allocation"
LISTFILL_BRAND_EVAL_6_POSITION,Brand evaluation allocation (priority → cap → quota → random fallback) (List Fill) — item 6 position,,,numeric,list_fill,,,,,Y,Y,,,,"List Fill ""BRAND_EVAL"" — priority_quota, sample-level allocation"
LISTFILL_BRAND_EVAL_7,Brand evaluation allocation (priority → cap → quota → random fallback) (List Fill) — item 7,,,text,list_fill,,,,,Y,Y,,,,"List Fill ""BRAND_EVAL"" — priority_quota, sample-level allocation"
LISTFILL_BRAND_EVAL_7_CODE,Brand evaluation allocation (priority → cap → quota → random fallback) (List Fill) — item 7 code,,,text,list_fill,"1,2,3,4,5,6,7,8,9,10,11,12",1=Apple; 2=Samsung; 3=Google; 4=Xiaomi; 5=OnePlus; 6=Sony; 7=Microsoft; 8=Amazon; 9=Huawei; 10=Lenovo; 11=Dell; 12=LG,,,Y,Y,,,,"List Fill ""BRAND_EVAL"" — priority_quota, sample-level allocation"
LISTFILL_BRAND_EVAL_7_POSITION,Brand evaluation allocation (priority → cap → quota → random fallback) (List Fill) — item 7 position,,,numeric,list_fill,,,,,Y,Y,,,,"List Fill ""BRAND_EVAL"" — priority_quota, sample-level allocation"
LISTFILL_BRAND_EVAL_8,Brand evaluation allocation (priority → cap → quota → random fallback) (List Fill) — item 8,,,text,list_fill,,,,,Y,Y,,,,"List Fill ""BRAND_EVAL"" — priority_quota, sample-level allocation"
LISTFILL_BRAND_EVAL_8_CODE,Brand evaluation allocation (priority → cap → quota → random fallback) (List Fill) — item 8 code,,,text,list_fill,"1,2,3,4,5,6,7,8,9,10,11,12",1=Apple; 2=Samsung; 3=Google; 4=Xiaomi; 5=OnePlus; 6=Sony; 7=Microsoft; 8=Amazon; 9=Huawei; 10=Lenovo; 11=Dell; 12=LG,,,Y,Y,,,,"List Fill ""BRAND_EVAL"" — priority_quota, sample-level allocation"
LISTFILL_BRAND_EVAL_8_POSITION,Brand evaluation allocation (priority → cap → quota → random fallback) (List Fill) — item 8 position,,,numeric,list_fill,,,,,Y,Y,,,,"List Fill ""BRAND_EVAL"" — priority_quota, sample-level allocation"
LISTFILL_BRAND_EVAL_9,Brand evaluation allocation (priority → cap → quota → random fallback) (List Fill) — item 9,,,text,list_fill,,,,,Y,Y,,,,"List Fill ""BRAND_EVAL"" — priority_quota, sample-level allocation"
LISTFILL_BRAND_EVAL_9_CODE,Brand evaluation allocation (priority → cap → quota → random fallback) (List Fill) — item 9 code,,,text,list_fill,"1,2,3,4,5,6,7,8,9,10,11,12",1=Apple; 2=Samsung; 3=Google; 4=Xiaomi; 5=OnePlus; 6=Sony; 7=Microsoft; 8=Amazon; 9=Huawei; 10=Lenovo; 11=Dell; 12=LG,,,Y,Y,,,,"List Fill ""BRAND_EVAL"" — priority_quota, sample-level allocation"
LISTFILL_BRAND_EVAL_9_POSITION,Brand evaluation allocation (priority → cap → quota → random fallback) (List Fill) — item 9 position,,,numeric,list_fill,,,,,Y,Y,,,,"List Fill ""BRAND_EVAL"" — priority_quota, sample-level allocation"
LISTFILL_BRAND_EVAL_10,Brand evaluation allocation (priority → cap → quota → random fallback) (List Fill) — item 10,,,text,list_fill,,,,,Y,Y,,,,"List Fill ""BRAND_EVAL"" — priority_quota, sample-level allocation"
LISTFILL_BRAND_EVAL_10_CODE,Brand evaluation allocation (priority → cap → quota → random fallback) (List Fill) — item 10 code,,,text,list_fill,"1,2,3,4,5,6,7,8,9,10,11,12",1=Apple; 2=Samsung; 3=Google; 4=Xiaomi; 5=OnePlus; 6=Sony; 7=Microsoft; 8=Amazon; 9=Huawei; 10=Lenovo; 11=Dell; 12=LG,,,Y,Y,,,,"List Fill ""BRAND_EVAL"" — priority_quota, sample-level allocation"
LISTFILL_BRAND_EVAL_10_POSITION,Brand evaluation allocation (priority → cap → quota → random fallback) (List Fill) — item 10 position,,,numeric,list_fill,,,,,Y,Y,,,,"List Fill ""BRAND_EVAL"" — priority_quota, sample-level allocation"
LISTFILL_BRAND_EVAL_11,Brand evaluation allocation (priority → cap → quota → random fallback) (List Fill) — item 11,,,text,list_fill,,,,,Y,Y,,,,"List Fill ""BRAND_EVAL"" — priority_quota, sample-level allocation"
LISTFILL_BRAND_EVAL_11_CODE,Brand evaluation allocation (priority → cap → quota → random fallback) (List Fill) — item 11 code,,,text,list_fill,"1,2,3,4,5,6,7,8,9,10,11,12",1=Apple; 2=Samsung; 3=Google; 4=Xiaomi; 5=OnePlus; 6=Sony; 7=Microsoft; 8=Amazon; 9=Huawei; 10=Lenovo; 11=Dell; 12=LG,,,Y,Y,,,,"List Fill ""BRAND_EVAL"" — priority_quota, sample-level allocation"
LISTFILL_BRAND_EVAL_11_POSITION,Brand evaluation allocation (priority → cap → quota → random fallback) (List Fill) — item 11 position,,,numeric,list_fill,,,,,Y,Y,,,,"List Fill ""BRAND_EVAL"" — priority_quota, sample-level allocation"
LISTFILL_BRAND_EVAL_12,Brand evaluation allocation (priority → cap → quota → random fallback) (List Fill) — item 12,,,text,list_fill,,,,,Y,Y,,,,"List Fill ""BRAND_EVAL"" — priority_quota, sample-level allocation"
LISTFILL_BRAND_EVAL_12_CODE,Brand evaluation allocation (priority → cap → quota → random fallback) (List Fill) — item 12 code,,,text,list_fill,"1,2,3,4,5,6,7,8,9,10,11,12",1=Apple; 2=Samsung; 3=Google; 4=Xiaomi; 5=OnePlus; 6=Sony; 7=Microsoft; 8=Amazon; 9=Huawei; 10=Lenovo; 11=Dell; 12=LG,,,Y,Y,,,,"List Fill ""BRAND_EVAL"" — priority_quota, sample-level allocation"
LISTFILL_BRAND_EVAL_12_POSITION,Brand evaluation allocation (priority → cap → quota → random fallback) (List Fill) — item 12 position,,,numeric,list_fill,,,,,Y,Y,,,,"List Fill ""BRAND_EVAL"" — priority_quota, sample-level allocation"
LISTFILL_BRAND_EVAL_CODES,Brand evaluation allocation (priority → cap → quota → random fallback) (List Fill),,,text,list_fill,,,,,Y,Y,,,,"List Fill ""BRAND_EVAL"" — priority_quota, sample-level allocation"
LISTFILL_BRAND_EVAL_LABELS,Brand evaluation allocation (priority → cap → quota → random fallback) (List Fill),,,text,list_fill,,,,,Y,Y,,,,"List Fill ""BRAND_EVAL"" — priority_quota, sample-level allocation"
LISTFILL_TOPIC_COUNT,Random deep-dive topic (no sample tracking) (List Fill) — number allocated,,,numeric,list_fill,,,,,Y,Y,,,,"List Fill ""TOPIC"" — random, per respondent"
LISTFILL_TOPIC_1,Random deep-dive topic (no sample tracking) (List Fill) — item 1,,,text,list_fill,,,,,Y,Y,,,,"List Fill ""TOPIC"" — random, per respondent"
LISTFILL_TOPIC_1_CODE,Random deep-dive topic (no sample tracking) (List Fill) — item 1 code,,,text,list_fill,,,,,Y,Y,,,,"List Fill ""TOPIC"" — random, per respondent"
LISTFILL_TOPIC_1_POSITION,Random deep-dive topic (no sample tracking) (List Fill) — item 1 position,,,numeric,list_fill,,,,,Y,Y,,,,"List Fill ""TOPIC"" — random, per respondent"
LISTFILL_TOPIC_CODES,Random deep-dive topic (no sample tracking) (List Fill),,,text,list_fill,,,,,Y,Y,,,,"List Fill ""TOPIC"" — random, per respondent"
LISTFILL_TOPIC_LABELS,Random deep-dive topic (no sample tracking) (List Fill),,,text,list_fill,,,,,Y,Y,,,,"List Fill ""TOPIC"" — random, per respondent"
LISTFILL_TRUST_COUNT,One brand from the hidden used ∩ trusted list (List Fill) — number allocated,,,numeric,list_fill,,,,,Y,Y,,,,"List Fill ""TRUST"" — balanced_random, sample-level allocation"
LISTFILL_TRUST_1,One brand from the hidden used ∩ trusted list (List Fill) — item 1,,,text,list_fill,,,,,Y,Y,,,,"List Fill ""TRUST"" — balanced_random, sample-level allocation"
LISTFILL_TRUST_1_CODE,One brand from the hidden used ∩ trusted list (List Fill) — item 1 code,,,text,list_fill,"1,2,3,4,5,6,7,8,9,10,11,12",1=Apple; 2=Samsung; 3=Google; 4=Xiaomi; 5=OnePlus; 6=Sony; 7=Microsoft; 8=Amazon; 9=Huawei; 10=Lenovo; 11=Dell; 12=LG,,,Y,Y,,,,"List Fill ""TRUST"" — balanced_random, sample-level allocation"
LISTFILL_TRUST_1_POSITION,One brand from the hidden used ∩ trusted list (List Fill) — item 1 position,,,numeric,list_fill,,,,,Y,Y,,,,"List Fill ""TRUST"" — balanced_random, sample-level allocation"
LISTFILL_TRUST_CODES,One brand from the hidden used ∩ trusted list (List Fill),,,text,list_fill,,,,,Y,Y,,,,"List Fill ""TRUST"" — balanced_random, sample-level allocation"
LISTFILL_TRUST_LABELS,One brand from the hidden used ∩ trusted list (List Fill),,,text,list_fill,,,,,Y,Y,,,,"List Fill ""TRUST"" — balanced_random, sample-level allocation"
LOOP_LFBRAND_COUNT,"Loop ""lfbrand"" — number of iterations",,,numeric,loop,,,,,Y,Y,,,,"Loop ""lfbrand"" over List Fill BRAND_EVAL"
LOOP_LFBRAND_ITEM_1,"Loop ""lfbrand"" — item 1",,,text,loop,,,,,Y,Y,,,,"Loop ""lfbrand"" over List Fill BRAND_EVAL"
LOOP_LFBRAND_ITEM_1_CODE,"Loop ""lfbrand"" — item 1 code",,,text,loop,"1,2,3,4,5,6,7,8,9,10,11,12",1=Slot 1; 2=Slot 2; 3=Slot 3; 4=Slot 4; 5=Slot 5; 6=Slot 6; 7=Slot 7; 8=Slot 8; 9=Slot 9; 10=Slot 10; 11=Slot 11; 12=Slot 12,,,Y,Y,,,,"Loop ""lfbrand"" over List Fill BRAND_EVAL"
LOOP_LFBRAND_ITEM_1_TIER,"Loop ""lfbrand"" — item 1 Tier",,,text,loop,,,,,Y,Y,,,,"Reference column ""Tier"" (text) of loop ""lfbrand"" — belongs to this loop only"
LOOP_LFBRAND_ITEM_1_SEGMENT,"Loop ""lfbrand"" — item 1 Segment",,,text,loop,,,,,Y,Y,,,,"Reference column ""Segment"" (text) of loop ""lfbrand"" — belongs to this loop only"
LOOP_LFBRAND_ITEM_2,"Loop ""lfbrand"" — item 2",,,text,loop,,,,,Y,Y,,,,"Loop ""lfbrand"" over List Fill BRAND_EVAL"
LOOP_LFBRAND_ITEM_2_CODE,"Loop ""lfbrand"" — item 2 code",,,text,loop,"1,2,3,4,5,6,7,8,9,10,11,12",1=Slot 1; 2=Slot 2; 3=Slot 3; 4=Slot 4; 5=Slot 5; 6=Slot 6; 7=Slot 7; 8=Slot 8; 9=Slot 9; 10=Slot 10; 11=Slot 11; 12=Slot 12,,,Y,Y,,,,"Loop ""lfbrand"" over List Fill BRAND_EVAL"
LOOP_LFBRAND_ITEM_2_TIER,"Loop ""lfbrand"" — item 2 Tier",,,text,loop,,,,,Y,Y,,,,"Reference column ""Tier"" (text) of loop ""lfbrand"" — belongs to this loop only"
LOOP_LFBRAND_ITEM_2_SEGMENT,"Loop ""lfbrand"" — item 2 Segment",,,text,loop,,,,,Y,Y,,,,"Reference column ""Segment"" (text) of loop ""lfbrand"" — belongs to this loop only"
LOOP_LFBRAND_ITEM_3,"Loop ""lfbrand"" — item 3",,,text,loop,,,,,Y,Y,,,,"Loop ""lfbrand"" over List Fill BRAND_EVAL"
LOOP_LFBRAND_ITEM_3_CODE,"Loop ""lfbrand"" — item 3 code",,,text,loop,"1,2,3,4,5,6,7,8,9,10,11,12",1=Slot 1; 2=Slot 2; 3=Slot 3; 4=Slot 4; 5=Slot 5; 6=Slot 6; 7=Slot 7; 8=Slot 8; 9=Slot 9; 10=Slot 10; 11=Slot 11; 12=Slot 12,,,Y,Y,,,,"Loop ""lfbrand"" over List Fill BRAND_EVAL"
LOOP_LFBRAND_ITEM_3_TIER,"Loop ""lfbrand"" — item 3 Tier",,,text,loop,,,,,Y,Y,,,,"Reference column ""Tier"" (text) of loop ""lfbrand"" — belongs to this loop only"
LOOP_LFBRAND_ITEM_3_SEGMENT,"Loop ""lfbrand"" — item 3 Segment",,,text,loop,,,,,Y,Y,,,,"Reference column ""Segment"" (text) of loop ""lfbrand"" — belongs to this loop only"
LOOP_LFBRAND_ITEM_4,"Loop ""lfbrand"" — item 4",,,text,loop,,,,,Y,Y,,,,"Loop ""lfbrand"" over List Fill BRAND_EVAL"
LOOP_LFBRAND_ITEM_4_CODE,"Loop ""lfbrand"" — item 4 code",,,text,loop,"1,2,3,4,5,6,7,8,9,10,11,12",1=Slot 1; 2=Slot 2; 3=Slot 3; 4=Slot 4; 5=Slot 5; 6=Slot 6; 7=Slot 7; 8=Slot 8; 9=Slot 9; 10=Slot 10; 11=Slot 11; 12=Slot 12,,,Y,Y,,,,"Loop ""lfbrand"" over List Fill BRAND_EVAL"
LOOP_LFBRAND_ITEM_4_TIER,"Loop ""lfbrand"" — item 4 Tier",,,text,loop,,,,,Y,Y,,,,"Reference column ""Tier"" (text) of loop ""lfbrand"" — belongs to this loop only"
LOOP_LFBRAND_ITEM_4_SEGMENT,"Loop ""lfbrand"" — item 4 Segment",,,text,loop,,,,,Y,Y,,,,"Reference column ""Segment"" (text) of loop ""lfbrand"" — belongs to this loop only"
LOOP_LFBRAND_ITEM_5,"Loop ""lfbrand"" — item 5",,,text,loop,,,,,Y,Y,,,,"Loop ""lfbrand"" over List Fill BRAND_EVAL"
LOOP_LFBRAND_ITEM_5_CODE,"Loop ""lfbrand"" — item 5 code",,,text,loop,"1,2,3,4,5,6,7,8,9,10,11,12",1=Slot 1; 2=Slot 2; 3=Slot 3; 4=Slot 4; 5=Slot 5; 6=Slot 6; 7=Slot 7; 8=Slot 8; 9=Slot 9; 10=Slot 10; 11=Slot 11; 12=Slot 12,,,Y,Y,,,,"Loop ""lfbrand"" over List Fill BRAND_EVAL"
LOOP_LFBRAND_ITEM_5_TIER,"Loop ""lfbrand"" — item 5 Tier",,,text,loop,,,,,Y,Y,,,,"Reference column ""Tier"" (text) of loop ""lfbrand"" — belongs to this loop only"
LOOP_LFBRAND_ITEM_5_SEGMENT,"Loop ""lfbrand"" — item 5 Segment",,,text,loop,,,,,Y,Y,,,,"Reference column ""Segment"" (text) of loop ""lfbrand"" — belongs to this loop only"
LOOP_LFBRAND_ITEM_6,"Loop ""lfbrand"" — item 6",,,text,loop,,,,,Y,Y,,,,"Loop ""lfbrand"" over List Fill BRAND_EVAL"
LOOP_LFBRAND_ITEM_6_CODE,"Loop ""lfbrand"" — item 6 code",,,text,loop,"1,2,3,4,5,6,7,8,9,10,11,12",1=Slot 1; 2=Slot 2; 3=Slot 3; 4=Slot 4; 5=Slot 5; 6=Slot 6; 7=Slot 7; 8=Slot 8; 9=Slot 9; 10=Slot 10; 11=Slot 11; 12=Slot 12,,,Y,Y,,,,"Loop ""lfbrand"" over List Fill BRAND_EVAL"
LOOP_LFBRAND_ITEM_6_TIER,"Loop ""lfbrand"" — item 6 Tier",,,text,loop,,,,,Y,Y,,,,"Reference column ""Tier"" (text) of loop ""lfbrand"" — belongs to this loop only"
LOOP_LFBRAND_ITEM_6_SEGMENT,"Loop ""lfbrand"" — item 6 Segment",,,text,loop,,,,,Y,Y,,,,"Reference column ""Segment"" (text) of loop ""lfbrand"" — belongs to this loop only"
LOOP_LFBRAND_ITEM_7,"Loop ""lfbrand"" — item 7",,,text,loop,,,,,Y,Y,,,,"Loop ""lfbrand"" over List Fill BRAND_EVAL"
LOOP_LFBRAND_ITEM_7_CODE,"Loop ""lfbrand"" — item 7 code",,,text,loop,"1,2,3,4,5,6,7,8,9,10,11,12",1=Slot 1; 2=Slot 2; 3=Slot 3; 4=Slot 4; 5=Slot 5; 6=Slot 6; 7=Slot 7; 8=Slot 8; 9=Slot 9; 10=Slot 10; 11=Slot 11; 12=Slot 12,,,Y,Y,,,,"Loop ""lfbrand"" over List Fill BRAND_EVAL"
LOOP_LFBRAND_ITEM_7_TIER,"Loop ""lfbrand"" — item 7 Tier",,,text,loop,,,,,Y,Y,,,,"Reference column ""Tier"" (text) of loop ""lfbrand"" — belongs to this loop only"
LOOP_LFBRAND_ITEM_7_SEGMENT,"Loop ""lfbrand"" — item 7 Segment",,,text,loop,,,,,Y,Y,,,,"Reference column ""Segment"" (text) of loop ""lfbrand"" — belongs to this loop only"
LOOP_LFBRAND_ITEM_8,"Loop ""lfbrand"" — item 8",,,text,loop,,,,,Y,Y,,,,"Loop ""lfbrand"" over List Fill BRAND_EVAL"
LOOP_LFBRAND_ITEM_8_CODE,"Loop ""lfbrand"" — item 8 code",,,text,loop,"1,2,3,4,5,6,7,8,9,10,11,12",1=Slot 1; 2=Slot 2; 3=Slot 3; 4=Slot 4; 5=Slot 5; 6=Slot 6; 7=Slot 7; 8=Slot 8; 9=Slot 9; 10=Slot 10; 11=Slot 11; 12=Slot 12,,,Y,Y,,,,"Loop ""lfbrand"" over List Fill BRAND_EVAL"
LOOP_LFBRAND_ITEM_8_TIER,"Loop ""lfbrand"" — item 8 Tier",,,text,loop,,,,,Y,Y,,,,"Reference column ""Tier"" (text) of loop ""lfbrand"" — belongs to this loop only"
LOOP_LFBRAND_ITEM_8_SEGMENT,"Loop ""lfbrand"" — item 8 Segment",,,text,loop,,,,,Y,Y,,,,"Reference column ""Segment"" (text) of loop ""lfbrand"" — belongs to this loop only"
LOOP_LFBRAND_ITEM_9,"Loop ""lfbrand"" — item 9",,,text,loop,,,,,Y,Y,,,,"Loop ""lfbrand"" over List Fill BRAND_EVAL"
LOOP_LFBRAND_ITEM_9_CODE,"Loop ""lfbrand"" — item 9 code",,,text,loop,"1,2,3,4,5,6,7,8,9,10,11,12",1=Slot 1; 2=Slot 2; 3=Slot 3; 4=Slot 4; 5=Slot 5; 6=Slot 6; 7=Slot 7; 8=Slot 8; 9=Slot 9; 10=Slot 10; 11=Slot 11; 12=Slot 12,,,Y,Y,,,,"Loop ""lfbrand"" over List Fill BRAND_EVAL"
LOOP_LFBRAND_ITEM_9_TIER,"Loop ""lfbrand"" — item 9 Tier",,,text,loop,,,,,Y,Y,,,,"Reference column ""Tier"" (text) of loop ""lfbrand"" — belongs to this loop only"
LOOP_LFBRAND_ITEM_9_SEGMENT,"Loop ""lfbrand"" — item 9 Segment",,,text,loop,,,,,Y,Y,,,,"Reference column ""Segment"" (text) of loop ""lfbrand"" — belongs to this loop only"
LOOP_LFBRAND_ITEM_10,"Loop ""lfbrand"" — item 10",,,text,loop,,,,,Y,Y,,,,"Loop ""lfbrand"" over List Fill BRAND_EVAL"
LOOP_LFBRAND_ITEM_10_CODE,"Loop ""lfbrand"" — item 10 code",,,text,loop,"1,2,3,4,5,6,7,8,9,10,11,12",1=Slot 1; 2=Slot 2; 3=Slot 3; 4=Slot 4; 5=Slot 5; 6=Slot 6; 7=Slot 7; 8=Slot 8; 9=Slot 9; 10=Slot 10; 11=Slot 11; 12=Slot 12,,,Y,Y,,,,"Loop ""lfbrand"" over List Fill BRAND_EVAL"
LOOP_LFBRAND_ITEM_10_TIER,"Loop ""lfbrand"" — item 10 Tier",,,text,loop,,,,,Y,Y,,,,"Reference column ""Tier"" (text) of loop ""lfbrand"" — belongs to this loop only"
LOOP_LFBRAND_ITEM_10_SEGMENT,"Loop ""lfbrand"" — item 10 Segment",,,text,loop,,,,,Y,Y,,,,"Reference column ""Segment"" (text) of loop ""lfbrand"" — belongs to this loop only"
LOOP_LFBRAND_ITEM_11,"Loop ""lfbrand"" — item 11",,,text,loop,,,,,Y,Y,,,,"Loop ""lfbrand"" over List Fill BRAND_EVAL"
LOOP_LFBRAND_ITEM_11_CODE,"Loop ""lfbrand"" — item 11 code",,,text,loop,"1,2,3,4,5,6,7,8,9,10,11,12",1=Slot 1; 2=Slot 2; 3=Slot 3; 4=Slot 4; 5=Slot 5; 6=Slot 6; 7=Slot 7; 8=Slot 8; 9=Slot 9; 10=Slot 10; 11=Slot 11; 12=Slot 12,,,Y,Y,,,,"Loop ""lfbrand"" over List Fill BRAND_EVAL"
LOOP_LFBRAND_ITEM_11_TIER,"Loop ""lfbrand"" — item 11 Tier",,,text,loop,,,,,Y,Y,,,,"Reference column ""Tier"" (text) of loop ""lfbrand"" — belongs to this loop only"
LOOP_LFBRAND_ITEM_11_SEGMENT,"Loop ""lfbrand"" — item 11 Segment",,,text,loop,,,,,Y,Y,,,,"Reference column ""Segment"" (text) of loop ""lfbrand"" — belongs to this loop only"
LOOP_LFBRAND_ITEM_12,"Loop ""lfbrand"" — item 12",,,text,loop,,,,,Y,Y,,,,"Loop ""lfbrand"" over List Fill BRAND_EVAL"
LOOP_LFBRAND_ITEM_12_CODE,"Loop ""lfbrand"" — item 12 code",,,text,loop,"1,2,3,4,5,6,7,8,9,10,11,12",1=Slot 1; 2=Slot 2; 3=Slot 3; 4=Slot 4; 5=Slot 5; 6=Slot 6; 7=Slot 7; 8=Slot 8; 9=Slot 9; 10=Slot 10; 11=Slot 11; 12=Slot 12,,,Y,Y,,,,"Loop ""lfbrand"" over List Fill BRAND_EVAL"
LOOP_LFBRAND_ITEM_12_TIER,"Loop ""lfbrand"" — item 12 Tier",,,text,loop,,,,,Y,Y,,,,"Reference column ""Tier"" (text) of loop ""lfbrand"" — belongs to this loop only"
LOOP_LFBRAND_ITEM_12_SEGMENT,"Loop ""lfbrand"" — item 12 Segment",,,text,loop,,,,,Y,Y,,,,"Reference column ""Segment"" (text) of loop ""lfbrand"" — belongs to this loop only"
LOOP_BRAND_COUNT,"Loop ""brand"" — number of iterations",,,numeric,loop,,,,,Y,Y,,,,"Loop ""brand"" over Q49 (selected)"
LOOP_BRAND_ITEM_1,"Loop ""brand"" — item 1",,,text,loop,,,,,Y,Y,,,,"Loop ""brand"" over Q49 (selected)"
LOOP_BRAND_ITEM_1_CODE,"Loop ""brand"" — item 1 code",,,text,loop,"1,2,3,4,5,6,7,8,9,10,11,12",1=Apple; 2=Samsung; 3=Google; 4=Xiaomi; 5=OnePlus; 6=Sony; 7=Microsoft; 8=Amazon; 9=Huawei; 10=Lenovo; 11=Dell; 12=LG,,,Y,Y,,,,"Loop ""brand"" over Q49 (selected)"
LOOP_BRAND_ITEM_1_BRAND_NICKNAME,"Loop ""brand"" — item 1 Brand_Nickname",,,text,loop,,,,,Y,Y,,,,"Reference column ""Brand_Nickname"" (text) of loop ""brand"" — belongs to this loop only: Short internal name used in reports"
LOOP_BRAND_ITEM_1_PRODUCT_ID,"Loop ""brand"" — item 1 Product_ID",,,text,loop,,,,,Y,Y,,,,"Reference column ""Product_ID"" (text) of loop ""brand"" — belongs to this loop only: Client product master id"
LOOP_BRAND_ITEM_1_CLIENT_CODE,"Loop ""brand"" — item 1 Client_Code",,,text,loop,"1,2,3,4,5,6,7,8,9,10,11,12",1=Apple; 2=Samsung; 3=Google; 4=Xiaomi; 5=OnePlus; 6=Sony; 7=Microsoft; 8=Amazon; 9=Huawei; 10=Lenovo; 11=Dell; 12=LG,,,Y,Y,,,,"Reference column ""Client_Code"" (text) of loop ""brand"" — belongs to this loop only"
LOOP_BRAND_ITEM_1_CATEGORY,"Loop ""brand"" — item 1 Category",,,text,loop,,,,,Y,Y,,,,"Reference column ""Category"" (text) of loop ""brand"" — belongs to this loop only: Drives the category-specific question"
LOOP_BRAND_ITEM_1_INTERNAL_NAME,"Loop ""brand"" — item 1 Internal_Name",,,text,loop,,,,,Y,Y,,,,"Reference column ""Internal_Name"" (text) of loop ""brand"" — belongs to this loop only"
LOOP_BRAND_ITEM_1_REGION,"Loop ""brand"" — item 1 Region",,,text,loop,,,,,Y,Y,,,,"Reference column ""Region"" (text) of loop ""brand"" — belongs to this loop only: HQ region"
LOOP_BRAND_ITEM_1_PRODUCT_TYPE,"Loop ""brand"" — item 1 Product_Type",,,text,loop,,,,,Y,Y,,,,"Reference column ""Product_Type"" (text) of loop ""brand"" — belongs to this loop only"
LOOP_BRAND_ITEM_2,"Loop ""brand"" — item 2",,,text,loop,,,,,Y,Y,,,,"Loop ""brand"" over Q49 (selected)"
LOOP_BRAND_ITEM_2_CODE,"Loop ""brand"" — item 2 code",,,text,loop,"1,2,3,4,5,6,7,8,9,10,11,12",1=Apple; 2=Samsung; 3=Google; 4=Xiaomi; 5=OnePlus; 6=Sony; 7=Microsoft; 8=Amazon; 9=Huawei; 10=Lenovo; 11=Dell; 12=LG,,,Y,Y,,,,"Loop ""brand"" over Q49 (selected)"
LOOP_BRAND_ITEM_2_BRAND_NICKNAME,"Loop ""brand"" — item 2 Brand_Nickname",,,text,loop,,,,,Y,Y,,,,"Reference column ""Brand_Nickname"" (text) of loop ""brand"" — belongs to this loop only: Short internal name used in reports"
LOOP_BRAND_ITEM_2_PRODUCT_ID,"Loop ""brand"" — item 2 Product_ID",,,text,loop,,,,,Y,Y,,,,"Reference column ""Product_ID"" (text) of loop ""brand"" — belongs to this loop only: Client product master id"
LOOP_BRAND_ITEM_2_CLIENT_CODE,"Loop ""brand"" — item 2 Client_Code",,,text,loop,"1,2,3,4,5,6,7,8,9,10,11,12",1=Apple; 2=Samsung; 3=Google; 4=Xiaomi; 5=OnePlus; 6=Sony; 7=Microsoft; 8=Amazon; 9=Huawei; 10=Lenovo; 11=Dell; 12=LG,,,Y,Y,,,,"Reference column ""Client_Code"" (text) of loop ""brand"" — belongs to this loop only"
LOOP_BRAND_ITEM_2_CATEGORY,"Loop ""brand"" — item 2 Category",,,text,loop,,,,,Y,Y,,,,"Reference column ""Category"" (text) of loop ""brand"" — belongs to this loop only: Drives the category-specific question"
LOOP_BRAND_ITEM_2_INTERNAL_NAME,"Loop ""brand"" — item 2 Internal_Name",,,text,loop,,,,,Y,Y,,,,"Reference column ""Internal_Name"" (text) of loop ""brand"" — belongs to this loop only"
LOOP_BRAND_ITEM_2_REGION,"Loop ""brand"" — item 2 Region",,,text,loop,,,,,Y,Y,,,,"Reference column ""Region"" (text) of loop ""brand"" — belongs to this loop only: HQ region"
LOOP_BRAND_ITEM_2_PRODUCT_TYPE,"Loop ""brand"" — item 2 Product_Type",,,text,loop,,,,,Y,Y,,,,"Reference column ""Product_Type"" (text) of loop ""brand"" — belongs to this loop only"
LOOP_BRAND_ITEM_3,"Loop ""brand"" — item 3",,,text,loop,,,,,Y,Y,,,,"Loop ""brand"" over Q49 (selected)"
LOOP_BRAND_ITEM_3_CODE,"Loop ""brand"" — item 3 code",,,text,loop,"1,2,3,4,5,6,7,8,9,10,11,12",1=Apple; 2=Samsung; 3=Google; 4=Xiaomi; 5=OnePlus; 6=Sony; 7=Microsoft; 8=Amazon; 9=Huawei; 10=Lenovo; 11=Dell; 12=LG,,,Y,Y,,,,"Loop ""brand"" over Q49 (selected)"
LOOP_BRAND_ITEM_3_BRAND_NICKNAME,"Loop ""brand"" — item 3 Brand_Nickname",,,text,loop,,,,,Y,Y,,,,"Reference column ""Brand_Nickname"" (text) of loop ""brand"" — belongs to this loop only: Short internal name used in reports"
LOOP_BRAND_ITEM_3_PRODUCT_ID,"Loop ""brand"" — item 3 Product_ID",,,text,loop,,,,,Y,Y,,,,"Reference column ""Product_ID"" (text) of loop ""brand"" — belongs to this loop only: Client product master id"
LOOP_BRAND_ITEM_3_CLIENT_CODE,"Loop ""brand"" — item 3 Client_Code",,,text,loop,"1,2,3,4,5,6,7,8,9,10,11,12",1=Apple; 2=Samsung; 3=Google; 4=Xiaomi; 5=OnePlus; 6=Sony; 7=Microsoft; 8=Amazon; 9=Huawei; 10=Lenovo; 11=Dell; 12=LG,,,Y,Y,,,,"Reference column ""Client_Code"" (text) of loop ""brand"" — belongs to this loop only"
LOOP_BRAND_ITEM_3_CATEGORY,"Loop ""brand"" — item 3 Category",,,text,loop,,,,,Y,Y,,,,"Reference column ""Category"" (text) of loop ""brand"" — belongs to this loop only: Drives the category-specific question"
LOOP_BRAND_ITEM_3_INTERNAL_NAME,"Loop ""brand"" — item 3 Internal_Name",,,text,loop,,,,,Y,Y,,,,"Reference column ""Internal_Name"" (text) of loop ""brand"" — belongs to this loop only"
LOOP_BRAND_ITEM_3_REGION,"Loop ""brand"" — item 3 Region",,,text,loop,,,,,Y,Y,,,,"Reference column ""Region"" (text) of loop ""brand"" — belongs to this loop only: HQ region"
LOOP_BRAND_ITEM_3_PRODUCT_TYPE,"Loop ""brand"" — item 3 Product_Type",,,text,loop,,,,,Y,Y,,,,"Reference column ""Product_Type"" (text) of loop ""brand"" — belongs to this loop only"
LOOP_BRAND_ITEM_4,"Loop ""brand"" — item 4",,,text,loop,,,,,Y,Y,,,,"Loop ""brand"" over Q49 (selected)"
LOOP_BRAND_ITEM_4_CODE,"Loop ""brand"" — item 4 code",,,text,loop,"1,2,3,4,5,6,7,8,9,10,11,12",1=Apple; 2=Samsung; 3=Google; 4=Xiaomi; 5=OnePlus; 6=Sony; 7=Microsoft; 8=Amazon; 9=Huawei; 10=Lenovo; 11=Dell; 12=LG,,,Y,Y,,,,"Loop ""brand"" over Q49 (selected)"
LOOP_BRAND_ITEM_4_BRAND_NICKNAME,"Loop ""brand"" — item 4 Brand_Nickname",,,text,loop,,,,,Y,Y,,,,"Reference column ""Brand_Nickname"" (text) of loop ""brand"" — belongs to this loop only: Short internal name used in reports"
LOOP_BRAND_ITEM_4_PRODUCT_ID,"Loop ""brand"" — item 4 Product_ID",,,text,loop,,,,,Y,Y,,,,"Reference column ""Product_ID"" (text) of loop ""brand"" — belongs to this loop only: Client product master id"
LOOP_BRAND_ITEM_4_CLIENT_CODE,"Loop ""brand"" — item 4 Client_Code",,,text,loop,"1,2,3,4,5,6,7,8,9,10,11,12",1=Apple; 2=Samsung; 3=Google; 4=Xiaomi; 5=OnePlus; 6=Sony; 7=Microsoft; 8=Amazon; 9=Huawei; 10=Lenovo; 11=Dell; 12=LG,,,Y,Y,,,,"Reference column ""Client_Code"" (text) of loop ""brand"" — belongs to this loop only"
LOOP_BRAND_ITEM_4_CATEGORY,"Loop ""brand"" — item 4 Category",,,text,loop,,,,,Y,Y,,,,"Reference column ""Category"" (text) of loop ""brand"" — belongs to this loop only: Drives the category-specific question"
LOOP_BRAND_ITEM_4_INTERNAL_NAME,"Loop ""brand"" — item 4 Internal_Name",,,text,loop,,,,,Y,Y,,,,"Reference column ""Internal_Name"" (text) of loop ""brand"" — belongs to this loop only"
LOOP_BRAND_ITEM_4_REGION,"Loop ""brand"" — item 4 Region",,,text,loop,,,,,Y,Y,,,,"Reference column ""Region"" (text) of loop ""brand"" — belongs to this loop only: HQ region"
LOOP_BRAND_ITEM_4_PRODUCT_TYPE,"Loop ""brand"" — item 4 Product_Type",,,text,loop,,,,,Y,Y,,,,"Reference column ""Product_Type"" (text) of loop ""brand"" — belongs to this loop only"
LOOP_BRAND_ITEM_5,"Loop ""brand"" — item 5",,,text,loop,,,,,Y,Y,,,,"Loop ""brand"" over Q49 (selected)"
LOOP_BRAND_ITEM_5_CODE,"Loop ""brand"" — item 5 code",,,text,loop,"1,2,3,4,5,6,7,8,9,10,11,12",1=Apple; 2=Samsung; 3=Google; 4=Xiaomi; 5=OnePlus; 6=Sony; 7=Microsoft; 8=Amazon; 9=Huawei; 10=Lenovo; 11=Dell; 12=LG,,,Y,Y,,,,"Loop ""brand"" over Q49 (selected)"
LOOP_BRAND_ITEM_5_BRAND_NICKNAME,"Loop ""brand"" — item 5 Brand_Nickname",,,text,loop,,,,,Y,Y,,,,"Reference column ""Brand_Nickname"" (text) of loop ""brand"" — belongs to this loop only: Short internal name used in reports"
LOOP_BRAND_ITEM_5_PRODUCT_ID,"Loop ""brand"" — item 5 Product_ID",,,text,loop,,,,,Y,Y,,,,"Reference column ""Product_ID"" (text) of loop ""brand"" — belongs to this loop only: Client product master id"
LOOP_BRAND_ITEM_5_CLIENT_CODE,"Loop ""brand"" — item 5 Client_Code",,,text,loop,"1,2,3,4,5,6,7,8,9,10,11,12",1=Apple; 2=Samsung; 3=Google; 4=Xiaomi; 5=OnePlus; 6=Sony; 7=Microsoft; 8=Amazon; 9=Huawei; 10=Lenovo; 11=Dell; 12=LG,,,Y,Y,,,,"Reference column ""Client_Code"" (text) of loop ""brand"" — belongs to this loop only"
LOOP_BRAND_ITEM_5_CATEGORY,"Loop ""brand"" — item 5 Category",,,text,loop,,,,,Y,Y,,,,"Reference column ""Category"" (text) of loop ""brand"" — belongs to this loop only: Drives the category-specific question"
LOOP_BRAND_ITEM_5_INTERNAL_NAME,"Loop ""brand"" — item 5 Internal_Name",,,text,loop,,,,,Y,Y,,,,"Reference column ""Internal_Name"" (text) of loop ""brand"" — belongs to this loop only"
LOOP_BRAND_ITEM_5_REGION,"Loop ""brand"" — item 5 Region",,,text,loop,,,,,Y,Y,,,,"Reference column ""Region"" (text) of loop ""brand"" — belongs to this loop only: HQ region"
LOOP_BRAND_ITEM_5_PRODUCT_TYPE,"Loop ""brand"" — item 5 Product_Type",,,text,loop,,,,,Y,Y,,,,"Reference column ""Product_Type"" (text) of loop ""brand"" — belongs to this loop only"
LOOP_BRAND_ITEM_6,"Loop ""brand"" — item 6",,,text,loop,,,,,Y,Y,,,,"Loop ""brand"" over Q49 (selected)"
LOOP_BRAND_ITEM_6_CODE,"Loop ""brand"" — item 6 code",,,text,loop,"1,2,3,4,5,6,7,8,9,10,11,12",1=Apple; 2=Samsung; 3=Google; 4=Xiaomi; 5=OnePlus; 6=Sony; 7=Microsoft; 8=Amazon; 9=Huawei; 10=Lenovo; 11=Dell; 12=LG,,,Y,Y,,,,"Loop ""brand"" over Q49 (selected)"
LOOP_BRAND_ITEM_6_BRAND_NICKNAME,"Loop ""brand"" — item 6 Brand_Nickname",,,text,loop,,,,,Y,Y,,,,"Reference column ""Brand_Nickname"" (text) of loop ""brand"" — belongs to this loop only: Short internal name used in reports"
LOOP_BRAND_ITEM_6_PRODUCT_ID,"Loop ""brand"" — item 6 Product_ID",,,text,loop,,,,,Y,Y,,,,"Reference column ""Product_ID"" (text) of loop ""brand"" — belongs to this loop only: Client product master id"
LOOP_BRAND_ITEM_6_CLIENT_CODE,"Loop ""brand"" — item 6 Client_Code",,,text,loop,"1,2,3,4,5,6,7,8,9,10,11,12",1=Apple; 2=Samsung; 3=Google; 4=Xiaomi; 5=OnePlus; 6=Sony; 7=Microsoft; 8=Amazon; 9=Huawei; 10=Lenovo; 11=Dell; 12=LG,,,Y,Y,,,,"Reference column ""Client_Code"" (text) of loop ""brand"" — belongs to this loop only"
LOOP_BRAND_ITEM_6_CATEGORY,"Loop ""brand"" — item 6 Category",,,text,loop,,,,,Y,Y,,,,"Reference column ""Category"" (text) of loop ""brand"" — belongs to this loop only: Drives the category-specific question"
LOOP_BRAND_ITEM_6_INTERNAL_NAME,"Loop ""brand"" — item 6 Internal_Name",,,text,loop,,,,,Y,Y,,,,"Reference column ""Internal_Name"" (text) of loop ""brand"" — belongs to this loop only"
LOOP_BRAND_ITEM_6_REGION,"Loop ""brand"" — item 6 Region",,,text,loop,,,,,Y,Y,,,,"Reference column ""Region"" (text) of loop ""brand"" — belongs to this loop only: HQ region"
LOOP_BRAND_ITEM_6_PRODUCT_TYPE,"Loop ""brand"" — item 6 Product_Type",,,text,loop,,,,,Y,Y,,,,"Reference column ""Product_Type"" (text) of loop ""brand"" — belongs to this loop only"
LOOP_BRAND_ITEM_7,"Loop ""brand"" — item 7",,,text,loop,,,,,Y,Y,,,,"Loop ""brand"" over Q49 (selected)"
LOOP_BRAND_ITEM_7_CODE,"Loop ""brand"" — item 7 code",,,text,loop,"1,2,3,4,5,6,7,8,9,10,11,12",1=Apple; 2=Samsung; 3=Google; 4=Xiaomi; 5=OnePlus; 6=Sony; 7=Microsoft; 8=Amazon; 9=Huawei; 10=Lenovo; 11=Dell; 12=LG,,,Y,Y,,,,"Loop ""brand"" over Q49 (selected)"
LOOP_BRAND_ITEM_7_BRAND_NICKNAME,"Loop ""brand"" — item 7 Brand_Nickname",,,text,loop,,,,,Y,Y,,,,"Reference column ""Brand_Nickname"" (text) of loop ""brand"" — belongs to this loop only: Short internal name used in reports"
LOOP_BRAND_ITEM_7_PRODUCT_ID,"Loop ""brand"" — item 7 Product_ID",,,text,loop,,,,,Y,Y,,,,"Reference column ""Product_ID"" (text) of loop ""brand"" — belongs to this loop only: Client product master id"
LOOP_BRAND_ITEM_7_CLIENT_CODE,"Loop ""brand"" — item 7 Client_Code",,,text,loop,"1,2,3,4,5,6,7,8,9,10,11,12",1=Apple; 2=Samsung; 3=Google; 4=Xiaomi; 5=OnePlus; 6=Sony; 7=Microsoft; 8=Amazon; 9=Huawei; 10=Lenovo; 11=Dell; 12=LG,,,Y,Y,,,,"Reference column ""Client_Code"" (text) of loop ""brand"" — belongs to this loop only"
LOOP_BRAND_ITEM_7_CATEGORY,"Loop ""brand"" — item 7 Category",,,text,loop,,,,,Y,Y,,,,"Reference column ""Category"" (text) of loop ""brand"" — belongs to this loop only: Drives the category-specific question"
LOOP_BRAND_ITEM_7_INTERNAL_NAME,"Loop ""brand"" — item 7 Internal_Name",,,text,loop,,,,,Y,Y,,,,"Reference column ""Internal_Name"" (text) of loop ""brand"" — belongs to this loop only"
LOOP_BRAND_ITEM_7_REGION,"Loop ""brand"" — item 7 Region",,,text,loop,,,,,Y,Y,,,,"Reference column ""Region"" (text) of loop ""brand"" — belongs to this loop only: HQ region"
LOOP_BRAND_ITEM_7_PRODUCT_TYPE,"Loop ""brand"" — item 7 Product_Type",,,text,loop,,,,,Y,Y,,,,"Reference column ""Product_Type"" (text) of loop ""brand"" — belongs to this loop only"
LOOP_BRAND_ITEM_8,"Loop ""brand"" — item 8",,,text,loop,,,,,Y,Y,,,,"Loop ""brand"" over Q49 (selected)"
LOOP_BRAND_ITEM_8_CODE,"Loop ""brand"" — item 8 code",,,text,loop,"1,2,3,4,5,6,7,8,9,10,11,12",1=Apple; 2=Samsung; 3=Google; 4=Xiaomi; 5=OnePlus; 6=Sony; 7=Microsoft; 8=Amazon; 9=Huawei; 10=Lenovo; 11=Dell; 12=LG,,,Y,Y,,,,"Loop ""brand"" over Q49 (selected)"
LOOP_BRAND_ITEM_8_BRAND_NICKNAME,"Loop ""brand"" — item 8 Brand_Nickname",,,text,loop,,,,,Y,Y,,,,"Reference column ""Brand_Nickname"" (text) of loop ""brand"" — belongs to this loop only: Short internal name used in reports"
LOOP_BRAND_ITEM_8_PRODUCT_ID,"Loop ""brand"" — item 8 Product_ID",,,text,loop,,,,,Y,Y,,,,"Reference column ""Product_ID"" (text) of loop ""brand"" — belongs to this loop only: Client product master id"
LOOP_BRAND_ITEM_8_CLIENT_CODE,"Loop ""brand"" — item 8 Client_Code",,,text,loop,"1,2,3,4,5,6,7,8,9,10,11,12",1=Apple; 2=Samsung; 3=Google; 4=Xiaomi; 5=OnePlus; 6=Sony; 7=Microsoft; 8=Amazon; 9=Huawei; 10=Lenovo; 11=Dell; 12=LG,,,Y,Y,,,,"Reference column ""Client_Code"" (text) of loop ""brand"" — belongs to this loop only"
LOOP_BRAND_ITEM_8_CATEGORY,"Loop ""brand"" — item 8 Category",,,text,loop,,,,,Y,Y,,,,"Reference column ""Category"" (text) of loop ""brand"" — belongs to this loop only: Drives the category-specific question"
LOOP_BRAND_ITEM_8_INTERNAL_NAME,"Loop ""brand"" — item 8 Internal_Name",,,text,loop,,,,,Y,Y,,,,"Reference column ""Internal_Name"" (text) of loop ""brand"" — belongs to this loop only"
LOOP_BRAND_ITEM_8_REGION,"Loop ""brand"" — item 8 Region",,,text,loop,,,,,Y,Y,,,,"Reference column ""Region"" (text) of loop ""brand"" — belongs to this loop only: HQ region"
LOOP_BRAND_ITEM_8_PRODUCT_TYPE,"Loop ""brand"" — item 8 Product_Type",,,text,loop,,,,,Y,Y,,,,"Reference column ""Product_Type"" (text) of loop ""brand"" — belongs to this loop only"
LOOP_BRAND_ITEM_9,"Loop ""brand"" — item 9",,,text,loop,,,,,Y,Y,,,,"Loop ""brand"" over Q49 (selected)"
LOOP_BRAND_ITEM_9_CODE,"Loop ""brand"" — item 9 code",,,text,loop,"1,2,3,4,5,6,7,8,9,10,11,12",1=Apple; 2=Samsung; 3=Google; 4=Xiaomi; 5=OnePlus; 6=Sony; 7=Microsoft; 8=Amazon; 9=Huawei; 10=Lenovo; 11=Dell; 12=LG,,,Y,Y,,,,"Loop ""brand"" over Q49 (selected)"
LOOP_BRAND_ITEM_9_BRAND_NICKNAME,"Loop ""brand"" — item 9 Brand_Nickname",,,text,loop,,,,,Y,Y,,,,"Reference column ""Brand_Nickname"" (text) of loop ""brand"" — belongs to this loop only: Short internal name used in reports"
LOOP_BRAND_ITEM_9_PRODUCT_ID,"Loop ""brand"" — item 9 Product_ID",,,text,loop,,,,,Y,Y,,,,"Reference column ""Product_ID"" (text) of loop ""brand"" — belongs to this loop only: Client product master id"
LOOP_BRAND_ITEM_9_CLIENT_CODE,"Loop ""brand"" — item 9 Client_Code",,,text,loop,"1,2,3,4,5,6,7,8,9,10,11,12",1=Apple; 2=Samsung; 3=Google; 4=Xiaomi; 5=OnePlus; 6=Sony; 7=Microsoft; 8=Amazon; 9=Huawei; 10=Lenovo; 11=Dell; 12=LG,,,Y,Y,,,,"Reference column ""Client_Code"" (text) of loop ""brand"" — belongs to this loop only"
LOOP_BRAND_ITEM_9_CATEGORY,"Loop ""brand"" — item 9 Category",,,text,loop,,,,,Y,Y,,,,"Reference column ""Category"" (text) of loop ""brand"" — belongs to this loop only: Drives the category-specific question"
LOOP_BRAND_ITEM_9_INTERNAL_NAME,"Loop ""brand"" — item 9 Internal_Name",,,text,loop,,,,,Y,Y,,,,"Reference column ""Internal_Name"" (text) of loop ""brand"" — belongs to this loop only"
LOOP_BRAND_ITEM_9_REGION,"Loop ""brand"" — item 9 Region",,,text,loop,,,,,Y,Y,,,,"Reference column ""Region"" (text) of loop ""brand"" — belongs to this loop only: HQ region"
LOOP_BRAND_ITEM_9_PRODUCT_TYPE,"Loop ""brand"" — item 9 Product_Type",,,text,loop,,,,,Y,Y,,,,"Reference column ""Product_Type"" (text) of loop ""brand"" — belongs to this loop only"
LOOP_BRAND_ITEM_10,"Loop ""brand"" — item 10",,,text,loop,,,,,Y,Y,,,,"Loop ""brand"" over Q49 (selected)"
LOOP_BRAND_ITEM_10_CODE,"Loop ""brand"" — item 10 code",,,text,loop,"1,2,3,4,5,6,7,8,9,10,11,12",1=Apple; 2=Samsung; 3=Google; 4=Xiaomi; 5=OnePlus; 6=Sony; 7=Microsoft; 8=Amazon; 9=Huawei; 10=Lenovo; 11=Dell; 12=LG,,,Y,Y,,,,"Loop ""brand"" over Q49 (selected)"
LOOP_BRAND_ITEM_10_BRAND_NICKNAME,"Loop ""brand"" — item 10 Brand_Nickname",,,text,loop,,,,,Y,Y,,,,"Reference column ""Brand_Nickname"" (text) of loop ""brand"" — belongs to this loop only: Short internal name used in reports"
LOOP_BRAND_ITEM_10_PRODUCT_ID,"Loop ""brand"" — item 10 Product_ID",,,text,loop,,,,,Y,Y,,,,"Reference column ""Product_ID"" (text) of loop ""brand"" — belongs to this loop only: Client product master id"
LOOP_BRAND_ITEM_10_CLIENT_CODE,"Loop ""brand"" — item 10 Client_Code",,,text,loop,"1,2,3,4,5,6,7,8,9,10,11,12",1=Apple; 2=Samsung; 3=Google; 4=Xiaomi; 5=OnePlus; 6=Sony; 7=Microsoft; 8=Amazon; 9=Huawei; 10=Lenovo; 11=Dell; 12=LG,,,Y,Y,,,,"Reference column ""Client_Code"" (text) of loop ""brand"" — belongs to this loop only"
LOOP_BRAND_ITEM_10_CATEGORY,"Loop ""brand"" — item 10 Category",,,text,loop,,,,,Y,Y,,,,"Reference column ""Category"" (text) of loop ""brand"" — belongs to this loop only: Drives the category-specific question"
LOOP_BRAND_ITEM_10_INTERNAL_NAME,"Loop ""brand"" — item 10 Internal_Name",,,text,loop,,,,,Y,Y,,,,"Reference column ""Internal_Name"" (text) of loop ""brand"" — belongs to this loop only"
LOOP_BRAND_ITEM_10_REGION,"Loop ""brand"" — item 10 Region",,,text,loop,,,,,Y,Y,,,,"Reference column ""Region"" (text) of loop ""brand"" — belongs to this loop only: HQ region"
LOOP_BRAND_ITEM_10_PRODUCT_TYPE,"Loop ""brand"" — item 10 Product_Type",,,text,loop,,,,,Y,Y,,,,"Reference column ""Product_Type"" (text) of loop ""brand"" — belongs to this loop only"
LOOP_BRAND_ITEM_11,"Loop ""brand"" — item 11",,,text,loop,,,,,Y,Y,,,,"Loop ""brand"" over Q49 (selected)"
LOOP_BRAND_ITEM_11_CODE,"Loop ""brand"" — item 11 code",,,text,loop,"1,2,3,4,5,6,7,8,9,10,11,12",1=Apple; 2=Samsung; 3=Google; 4=Xiaomi; 5=OnePlus; 6=Sony; 7=Microsoft; 8=Amazon; 9=Huawei; 10=Lenovo; 11=Dell; 12=LG,,,Y,Y,,,,"Loop ""brand"" over Q49 (selected)"
LOOP_BRAND_ITEM_11_BRAND_NICKNAME,"Loop ""brand"" — item 11 Brand_Nickname",,,text,loop,,,,,Y,Y,,,,"Reference column ""Brand_Nickname"" (text) of loop ""brand"" — belongs to this loop only: Short internal name used in reports"
LOOP_BRAND_ITEM_11_PRODUCT_ID,"Loop ""brand"" — item 11 Product_ID",,,text,loop,,,,,Y,Y,,,,"Reference column ""Product_ID"" (text) of loop ""brand"" — belongs to this loop only: Client product master id"
LOOP_BRAND_ITEM_11_CLIENT_CODE,"Loop ""brand"" — item 11 Client_Code",,,text,loop,"1,2,3,4,5,6,7,8,9,10,11,12",1=Apple; 2=Samsung; 3=Google; 4=Xiaomi; 5=OnePlus; 6=Sony; 7=Microsoft; 8=Amazon; 9=Huawei; 10=Lenovo; 11=Dell; 12=LG,,,Y,Y,,,,"Reference column ""Client_Code"" (text) of loop ""brand"" — belongs to this loop only"
LOOP_BRAND_ITEM_11_CATEGORY,"Loop ""brand"" — item 11 Category",,,text,loop,,,,,Y,Y,,,,"Reference column ""Category"" (text) of loop ""brand"" — belongs to this loop only: Drives the category-specific question"
LOOP_BRAND_ITEM_11_INTERNAL_NAME,"Loop ""brand"" — item 11 Internal_Name",,,text,loop,,,,,Y,Y,,,,"Reference column ""Internal_Name"" (text) of loop ""brand"" — belongs to this loop only"
LOOP_BRAND_ITEM_11_REGION,"Loop ""brand"" — item 11 Region",,,text,loop,,,,,Y,Y,,,,"Reference column ""Region"" (text) of loop ""brand"" — belongs to this loop only: HQ region"
LOOP_BRAND_ITEM_11_PRODUCT_TYPE,"Loop ""brand"" — item 11 Product_Type",,,text,loop,,,,,Y,Y,,,,"Reference column ""Product_Type"" (text) of loop ""brand"" — belongs to this loop only"
LOOP_BRAND_ITEM_12,"Loop ""brand"" — item 12",,,text,loop,,,,,Y,Y,,,,"Loop ""brand"" over Q49 (selected)"
LOOP_BRAND_ITEM_12_CODE,"Loop ""brand"" — item 12 code",,,text,loop,"1,2,3,4,5,6,7,8,9,10,11,12",1=Apple; 2=Samsung; 3=Google; 4=Xiaomi; 5=OnePlus; 6=Sony; 7=Microsoft; 8=Amazon; 9=Huawei; 10=Lenovo; 11=Dell; 12=LG,,,Y,Y,,,,"Loop ""brand"" over Q49 (selected)"
LOOP_BRAND_ITEM_12_BRAND_NICKNAME,"Loop ""brand"" — item 12 Brand_Nickname",,,text,loop,,,,,Y,Y,,,,"Reference column ""Brand_Nickname"" (text) of loop ""brand"" — belongs to this loop only: Short internal name used in reports"
LOOP_BRAND_ITEM_12_PRODUCT_ID,"Loop ""brand"" — item 12 Product_ID",,,text,loop,,,,,Y,Y,,,,"Reference column ""Product_ID"" (text) of loop ""brand"" — belongs to this loop only: Client product master id"
LOOP_BRAND_ITEM_12_CLIENT_CODE,"Loop ""brand"" — item 12 Client_Code",,,text,loop,"1,2,3,4,5,6,7,8,9,10,11,12",1=Apple; 2=Samsung; 3=Google; 4=Xiaomi; 5=OnePlus; 6=Sony; 7=Microsoft; 8=Amazon; 9=Huawei; 10=Lenovo; 11=Dell; 12=LG,,,Y,Y,,,,"Reference column ""Client_Code"" (text) of loop ""brand"" — belongs to this loop only"
LOOP_BRAND_ITEM_12_CATEGORY,"Loop ""brand"" — item 12 Category",,,text,loop,,,,,Y,Y,,,,"Reference column ""Category"" (text) of loop ""brand"" — belongs to this loop only: Drives the category-specific question"
LOOP_BRAND_ITEM_12_INTERNAL_NAME,"Loop ""brand"" — item 12 Internal_Name",,,text,loop,,,,,Y,Y,,,,"Reference column ""Internal_Name"" (text) of loop ""brand"" — belongs to this loop only"
LOOP_BRAND_ITEM_12_REGION,"Loop ""brand"" — item 12 Region",,,text,loop,,,,,Y,Y,,,,"Reference column ""Region"" (text) of loop ""brand"" — belongs to this loop only: HQ region"
LOOP_BRAND_ITEM_12_PRODUCT_TYPE,"Loop ""brand"" — item 12 Product_Type",,,text,loop,,,,,Y,Y,,,,"Reference column ""Product_Type"" (text) of loop ""brand"" — belongs to this loop only"
LOOP_NONUSER_COUNT,"Loop ""nonuser"" — number of iterations",,,numeric,loop,,,,,Y,Y,,,,"Loop ""nonuser"" over Q49 (notSelected)"
LOOP_NONUSER_ITEM_1,"Loop ""nonuser"" — item 1",,,text,loop,,,,,Y,Y,,,,"Loop ""nonuser"" over Q49 (notSelected)"
LOOP_NONUSER_ITEM_1_CODE,"Loop ""nonuser"" — item 1 code",,,text,loop,"1,2,3,4,5,6,7,8,9,10,11,12",1=Apple; 2=Samsung; 3=Google; 4=Xiaomi; 5=OnePlus; 6=Sony; 7=Microsoft; 8=Amazon; 9=Huawei; 10=Lenovo; 11=Dell; 12=LG,,,Y,Y,,,,"Loop ""nonuser"" over Q49 (notSelected)"
LOOP_NONUSER_ITEM_1_REASON_PROMPT,"Loop ""nonuser"" — item 1 Reason_Prompt",,,text,loop,,,,,Y,Y,,,,"Reference column ""Reason_Prompt"" (text) of loop ""nonuser"" — belongs to this loop only"
LOOP_NONUSER_ITEM_2,"Loop ""nonuser"" — item 2",,,text,loop,,,,,Y,Y,,,,"Loop ""nonuser"" over Q49 (notSelected)"
LOOP_NONUSER_ITEM_2_CODE,"Loop ""nonuser"" — item 2 code",,,text,loop,"1,2,3,4,5,6,7,8,9,10,11,12",1=Apple; 2=Samsung; 3=Google; 4=Xiaomi; 5=OnePlus; 6=Sony; 7=Microsoft; 8=Amazon; 9=Huawei; 10=Lenovo; 11=Dell; 12=LG,,,Y,Y,,,,"Loop ""nonuser"" over Q49 (notSelected)"
LOOP_NONUSER_ITEM_2_REASON_PROMPT,"Loop ""nonuser"" — item 2 Reason_Prompt",,,text,loop,,,,,Y,Y,,,,"Reference column ""Reason_Prompt"" (text) of loop ""nonuser"" — belongs to this loop only"
LOOP_NONUSER_ITEM_3,"Loop ""nonuser"" — item 3",,,text,loop,,,,,Y,Y,,,,"Loop ""nonuser"" over Q49 (notSelected)"
LOOP_NONUSER_ITEM_3_CODE,"Loop ""nonuser"" — item 3 code",,,text,loop,"1,2,3,4,5,6,7,8,9,10,11,12",1=Apple; 2=Samsung; 3=Google; 4=Xiaomi; 5=OnePlus; 6=Sony; 7=Microsoft; 8=Amazon; 9=Huawei; 10=Lenovo; 11=Dell; 12=LG,,,Y,Y,,,,"Loop ""nonuser"" over Q49 (notSelected)"
LOOP_NONUSER_ITEM_3_REASON_PROMPT,"Loop ""nonuser"" — item 3 Reason_Prompt",,,text,loop,,,,,Y,Y,,,,"Reference column ""Reason_Prompt"" (text) of loop ""nonuser"" — belongs to this loop only"
LOOP_EXITED_COUNT,"Loop ""exited"" — number of iterations",,,numeric,loop,,,,,Y,Y,,,,"Loop ""exited"" over Q48 (invalid)"
LOOP_EXITED_ITEM_1,"Loop ""exited"" — item 1",,,text,loop,,,,,Y,Y,,,,"Loop ""exited"" over Q48 (invalid)"
LOOP_EXITED_ITEM_1_CODE,"Loop ""exited"" — item 1 code",,,text,loop,"1,2,3,4,5,6,7,8,9,10,11,12,98",1=Apple; 2=Samsung; 3=Google; 4=Xiaomi; 5=OnePlus; 6=Sony; 7=Microsoft; 8=Amazon; 9=Huawei; 10=Lenovo; 11=Dell; 12=LG; 98=None of these,,,Y,Y,,,,"Loop ""exited"" over Q48 (invalid)"
LOOP_EXITED_ITEM_1_MARKET_STATUS,"Loop ""exited"" — item 1 Market_Status",,,text,loop,,,,,Y,Y,,,,"Reference column ""Market_Status"" (text) of loop ""exited"" — belongs to this loop only"
LOOP_EXITED_ITEM_1_EXIT_YEAR,"Loop ""exited"" — item 1 Exit_Year",,,numeric,loop,,,,,Y,Y,,,,"Reference column ""Exit_Year"" (number) of loop ""exited"" — belongs to this loop only"
LOOP_EXITED_ITEM_2,"Loop ""exited"" — item 2",,,text,loop,,,,,Y,Y,,,,"Loop ""exited"" over Q48 (invalid)"
LOOP_EXITED_ITEM_2_CODE,"Loop ""exited"" — item 2 code",,,text,loop,"1,2,3,4,5,6,7,8,9,10,11,12,98",1=Apple; 2=Samsung; 3=Google; 4=Xiaomi; 5=OnePlus; 6=Sony; 7=Microsoft; 8=Amazon; 9=Huawei; 10=Lenovo; 11=Dell; 12=LG; 98=None of these,,,Y,Y,,,,"Loop ""exited"" over Q48 (invalid)"
LOOP_EXITED_ITEM_2_MARKET_STATUS,"Loop ""exited"" — item 2 Market_Status",,,text,loop,,,,,Y,Y,,,,"Reference column ""Market_Status"" (text) of loop ""exited"" — belongs to this loop only"
LOOP_EXITED_ITEM_2_EXIT_YEAR,"Loop ""exited"" — item 2 Exit_Year",,,numeric,loop,,,,,Y,Y,,,,"Reference column ""Exit_Year"" (number) of loop ""exited"" — belongs to this loop only"
LOOP_EXITED_ITEM_3,"Loop ""exited"" — item 3",,,text,loop,,,,,Y,Y,,,,"Loop ""exited"" over Q48 (invalid)"
LOOP_EXITED_ITEM_3_CODE,"Loop ""exited"" — item 3 code",,,text,loop,"1,2,3,4,5,6,7,8,9,10,11,12,98",1=Apple; 2=Samsung; 3=Google; 4=Xiaomi; 5=OnePlus; 6=Sony; 7=Microsoft; 8=Amazon; 9=Huawei; 10=Lenovo; 11=Dell; 12=LG; 98=None of these,,,Y,Y,,,,"Loop ""exited"" over Q48 (invalid)"
LOOP_EXITED_ITEM_3_MARKET_STATUS,"Loop ""exited"" — item 3 Market_Status",,,text,loop,,,,,Y,Y,,,,"Reference column ""Market_Status"" (text) of loop ""exited"" — belongs to this loop only"
LOOP_EXITED_ITEM_3_EXIT_YEAR,"Loop ""exited"" — item 3 Exit_Year",,,numeric,loop,,,,,Y,Y,,,,"Reference column ""Exit_Year"" (number) of loop ""exited"" — belongs to this loop only"
LOOP_EXITED_ITEM_4,"Loop ""exited"" — item 4",,,text,loop,,,,,Y,Y,,,,"Loop ""exited"" over Q48 (invalid)"
LOOP_EXITED_ITEM_4_CODE,"Loop ""exited"" — item 4 code",,,text,loop,"1,2,3,4,5,6,7,8,9,10,11,12,98",1=Apple; 2=Samsung; 3=Google; 4=Xiaomi; 5=OnePlus; 6=Sony; 7=Microsoft; 8=Amazon; 9=Huawei; 10=Lenovo; 11=Dell; 12=LG; 98=None of these,,,Y,Y,,,,"Loop ""exited"" over Q48 (invalid)"
LOOP_EXITED_ITEM_4_MARKET_STATUS,"Loop ""exited"" — item 4 Market_Status",,,text,loop,,,,,Y,Y,,,,"Reference column ""Market_Status"" (text) of loop ""exited"" — belongs to this loop only"
LOOP_EXITED_ITEM_4_EXIT_YEAR,"Loop ""exited"" — item 4 Exit_Year",,,numeric,loop,,,,,Y,Y,,,,"Reference column ""Exit_Year"" (number) of loop ""exited"" — belongs to this loop only"
LOOP_EXITED_ITEM_5,"Loop ""exited"" — item 5",,,text,loop,,,,,Y,Y,,,,"Loop ""exited"" over Q48 (invalid)"
LOOP_EXITED_ITEM_5_CODE,"Loop ""exited"" — item 5 code",,,text,loop,"1,2,3,4,5,6,7,8,9,10,11,12,98",1=Apple; 2=Samsung; 3=Google; 4=Xiaomi; 5=OnePlus; 6=Sony; 7=Microsoft; 8=Amazon; 9=Huawei; 10=Lenovo; 11=Dell; 12=LG; 98=None of these,,,Y,Y,,,,"Loop ""exited"" over Q48 (invalid)"
LOOP_EXITED_ITEM_5_MARKET_STATUS,"Loop ""exited"" — item 5 Market_Status",,,text,loop,,,,,Y,Y,,,,"Reference column ""Market_Status"" (text) of loop ""exited"" — belongs to this loop only"
LOOP_EXITED_ITEM_5_EXIT_YEAR,"Loop ""exited"" — item 5 Exit_Year",,,numeric,loop,,,,,Y,Y,,,,"Reference column ""Exit_Year"" (number) of loop ""exited"" — belongs to this loop only"
LOOP_EXITED_ITEM_6,"Loop ""exited"" — item 6",,,text,loop,,,,,Y,Y,,,,"Loop ""exited"" over Q48 (invalid)"
LOOP_EXITED_ITEM_6_CODE,"Loop ""exited"" — item 6 code",,,text,loop,"1,2,3,4,5,6,7,8,9,10,11,12,98",1=Apple; 2=Samsung; 3=Google; 4=Xiaomi; 5=OnePlus; 6=Sony; 7=Microsoft; 8=Amazon; 9=Huawei; 10=Lenovo; 11=Dell; 12=LG; 98=None of these,,,Y,Y,,,,"Loop ""exited"" over Q48 (invalid)"
LOOP_EXITED_ITEM_6_MARKET_STATUS,"Loop ""exited"" — item 6 Market_Status",,,text,loop,,,,,Y,Y,,,,"Reference column ""Market_Status"" (text) of loop ""exited"" — belongs to this loop only"
LOOP_EXITED_ITEM_6_EXIT_YEAR,"Loop ""exited"" — item 6 Exit_Year",,,numeric,loop,,,,,Y,Y,,,,"Reference column ""Exit_Year"" (number) of loop ""exited"" — belongs to this loop only"
LOOP_EXITED_ITEM_7,"Loop ""exited"" — item 7",,,text,loop,,,,,Y,Y,,,,"Loop ""exited"" over Q48 (invalid)"
LOOP_EXITED_ITEM_7_CODE,"Loop ""exited"" — item 7 code",,,text,loop,"1,2,3,4,5,6,7,8,9,10,11,12,98",1=Apple; 2=Samsung; 3=Google; 4=Xiaomi; 5=OnePlus; 6=Sony; 7=Microsoft; 8=Amazon; 9=Huawei; 10=Lenovo; 11=Dell; 12=LG; 98=None of these,,,Y,Y,,,,"Loop ""exited"" over Q48 (invalid)"
LOOP_EXITED_ITEM_7_MARKET_STATUS,"Loop ""exited"" — item 7 Market_Status",,,text,loop,,,,,Y,Y,,,,"Reference column ""Market_Status"" (text) of loop ""exited"" — belongs to this loop only"
LOOP_EXITED_ITEM_7_EXIT_YEAR,"Loop ""exited"" — item 7 Exit_Year",,,numeric,loop,,,,,Y,Y,,,,"Reference column ""Exit_Year"" (number) of loop ""exited"" — belongs to this loop only"
LOOP_EXITED_ITEM_8,"Loop ""exited"" — item 8",,,text,loop,,,,,Y,Y,,,,"Loop ""exited"" over Q48 (invalid)"
LOOP_EXITED_ITEM_8_CODE,"Loop ""exited"" — item 8 code",,,text,loop,"1,2,3,4,5,6,7,8,9,10,11,12,98",1=Apple; 2=Samsung; 3=Google; 4=Xiaomi; 5=OnePlus; 6=Sony; 7=Microsoft; 8=Amazon; 9=Huawei; 10=Lenovo; 11=Dell; 12=LG; 98=None of these,,,Y,Y,,,,"Loop ""exited"" over Q48 (invalid)"
LOOP_EXITED_ITEM_8_MARKET_STATUS,"Loop ""exited"" — item 8 Market_Status",,,text,loop,,,,,Y,Y,,,,"Reference column ""Market_Status"" (text) of loop ""exited"" — belongs to this loop only"
LOOP_EXITED_ITEM_8_EXIT_YEAR,"Loop ""exited"" — item 8 Exit_Year",,,numeric,loop,,,,,Y,Y,,,,"Reference column ""Exit_Year"" (number) of loop ""exited"" — belongs to this loop only"
LOOP_EXITED_ITEM_9,"Loop ""exited"" — item 9",,,text,loop,,,,,Y,Y,,,,"Loop ""exited"" over Q48 (invalid)"
LOOP_EXITED_ITEM_9_CODE,"Loop ""exited"" — item 9 code",,,text,loop,"1,2,3,4,5,6,7,8,9,10,11,12,98",1=Apple; 2=Samsung; 3=Google; 4=Xiaomi; 5=OnePlus; 6=Sony; 7=Microsoft; 8=Amazon; 9=Huawei; 10=Lenovo; 11=Dell; 12=LG; 98=None of these,,,Y,Y,,,,"Loop ""exited"" over Q48 (invalid)"
LOOP_EXITED_ITEM_9_MARKET_STATUS,"Loop ""exited"" — item 9 Market_Status",,,text,loop,,,,,Y,Y,,,,"Reference column ""Market_Status"" (text) of loop ""exited"" — belongs to this loop only"
LOOP_EXITED_ITEM_9_EXIT_YEAR,"Loop ""exited"" — item 9 Exit_Year",,,numeric,loop,,,,,Y,Y,,,,"Reference column ""Exit_Year"" (number) of loop ""exited"" — belongs to this loop only"
LOOP_EXITED_ITEM_10,"Loop ""exited"" — item 10",,,text,loop,,,,,Y,Y,,,,"Loop ""exited"" over Q48 (invalid)"
LOOP_EXITED_ITEM_10_CODE,"Loop ""exited"" — item 10 code",,,text,loop,"1,2,3,4,5,6,7,8,9,10,11,12,98",1=Apple; 2=Samsung; 3=Google; 4=Xiaomi; 5=OnePlus; 6=Sony; 7=Microsoft; 8=Amazon; 9=Huawei; 10=Lenovo; 11=Dell; 12=LG; 98=None of these,,,Y,Y,,,,"Loop ""exited"" over Q48 (invalid)"
LOOP_EXITED_ITEM_10_MARKET_STATUS,"Loop ""exited"" — item 10 Market_Status",,,text,loop,,,,,Y,Y,,,,"Reference column ""Market_Status"" (text) of loop ""exited"" — belongs to this loop only"
LOOP_EXITED_ITEM_10_EXIT_YEAR,"Loop ""exited"" — item 10 Exit_Year",,,numeric,loop,,,,,Y,Y,,,,"Reference column ""Exit_Year"" (number) of loop ""exited"" — belongs to this loop only"
LOOP_EXITED_ITEM_11,"Loop ""exited"" — item 11",,,text,loop,,,,,Y,Y,,,,"Loop ""exited"" over Q48 (invalid)"
LOOP_EXITED_ITEM_11_CODE,"Loop ""exited"" — item 11 code",,,text,loop,"1,2,3,4,5,6,7,8,9,10,11,12,98",1=Apple; 2=Samsung; 3=Google; 4=Xiaomi; 5=OnePlus; 6=Sony; 7=Microsoft; 8=Amazon; 9=Huawei; 10=Lenovo; 11=Dell; 12=LG; 98=None of these,,,Y,Y,,,,"Loop ""exited"" over Q48 (invalid)"
LOOP_EXITED_ITEM_11_MARKET_STATUS,"Loop ""exited"" — item 11 Market_Status",,,text,loop,,,,,Y,Y,,,,"Reference column ""Market_Status"" (text) of loop ""exited"" — belongs to this loop only"
LOOP_EXITED_ITEM_11_EXIT_YEAR,"Loop ""exited"" — item 11 Exit_Year",,,numeric,loop,,,,,Y,Y,,,,"Reference column ""Exit_Year"" (number) of loop ""exited"" — belongs to this loop only"
LOOP_EXITED_ITEM_12,"Loop ""exited"" — item 12",,,text,loop,,,,,Y,Y,,,,"Loop ""exited"" over Q48 (invalid)"
LOOP_EXITED_ITEM_12_CODE,"Loop ""exited"" — item 12 code",,,text,loop,"1,2,3,4,5,6,7,8,9,10,11,12,98",1=Apple; 2=Samsung; 3=Google; 4=Xiaomi; 5=OnePlus; 6=Sony; 7=Microsoft; 8=Amazon; 9=Huawei; 10=Lenovo; 11=Dell; 12=LG; 98=None of these,,,Y,Y,,,,"Loop ""exited"" over Q48 (invalid)"
LOOP_EXITED_ITEM_12_MARKET_STATUS,"Loop ""exited"" — item 12 Market_Status",,,text,loop,,,,,Y,Y,,,,"Reference column ""Market_Status"" (text) of loop ""exited"" — belongs to this loop only"
LOOP_EXITED_ITEM_12_EXIT_YEAR,"Loop ""exited"" — item 12 Exit_Year",,,numeric,loop,,,,,Y,Y,,,,"Reference column ""Exit_Year"" (number) of loop ""exited"" — belongs to this loop only"
LOOP_EXITED_ITEM_13,"Loop ""exited"" — item 13",,,text,loop,,,,,Y,Y,,,,"Loop ""exited"" over Q48 (invalid)"
LOOP_EXITED_ITEM_13_CODE,"Loop ""exited"" — item 13 code",,,text,loop,"1,2,3,4,5,6,7,8,9,10,11,12,98",1=Apple; 2=Samsung; 3=Google; 4=Xiaomi; 5=OnePlus; 6=Sony; 7=Microsoft; 8=Amazon; 9=Huawei; 10=Lenovo; 11=Dell; 12=LG; 98=None of these,,,Y,Y,,,,"Loop ""exited"" over Q48 (invalid)"
LOOP_EXITED_ITEM_13_MARKET_STATUS,"Loop ""exited"" — item 13 Market_Status",,,text,loop,,,,,Y,Y,,,,"Reference column ""Market_Status"" (text) of loop ""exited"" — belongs to this loop only"
LOOP_EXITED_ITEM_13_EXIT_YEAR,"Loop ""exited"" — item 13 Exit_Year",,,numeric,loop,,,,,Y,Y,,,,"Reference column ""Exit_Year"" (number) of loop ""exited"" — belongs to this loop only"
LOOP_BADYEARS_COUNT,"Loop ""badyears"" — number of iterations",,,numeric,loop,,,,,Y,Y,,,,"Loop ""badyears"" over the list in INVALID_BRANDS"
LOOP_BADYEARS_ITEM_1,"Loop ""badyears"" — item 1",,,text,loop,,,,,Y,Y,,,,"Loop ""badyears"" over the list in INVALID_BRANDS"
LOOP_BADYEARS_ITEM_1_CODE,"Loop ""badyears"" — item 1 code",,,text,loop,,,,,Y,Y,,,,"Loop ""badyears"" over the list in INVALID_BRANDS"
LOOP_BADYEARS_ITEM_1_BRAND,"Loop ""badyears"" — item 1 Brand",,,text,loop,,,,,Y,Y,,,,"Reference column ""Brand"" (text) of loop ""badyears"" — belongs to this loop only"
LOOP_BADYEARS_ITEM_2,"Loop ""badyears"" — item 2",,,text,loop,,,,,Y,Y,,,,"Loop ""badyears"" over the list in INVALID_BRANDS"
LOOP_BADYEARS_ITEM_2_CODE,"Loop ""badyears"" — item 2 code",,,text,loop,,,,,Y,Y,,,,"Loop ""badyears"" over the list in INVALID_BRANDS"
LOOP_BADYEARS_ITEM_2_BRAND,"Loop ""badyears"" — item 2 Brand",,,text,loop,,,,,Y,Y,,,,"Reference column ""Brand"" (text) of loop ""badyears"" — belongs to this loop only"
LOOP_BADYEARS_ITEM_3,"Loop ""badyears"" — item 3",,,text,loop,,,,,Y,Y,,,,"Loop ""badyears"" over the list in INVALID_BRANDS"
LOOP_BADYEARS_ITEM_3_CODE,"Loop ""badyears"" — item 3 code",,,text,loop,,,,,Y,Y,,,,"Loop ""badyears"" over the list in INVALID_BRANDS"
LOOP_BADYEARS_ITEM_3_BRAND,"Loop ""badyears"" — item 3 Brand",,,text,loop,,,,,Y,Y,,,,"Reference column ""Brand"" (text) of loop ""badyears"" — belongs to this loop only"
LOOP_PRODUCT_COUNT,"Loop ""product"" — number of iterations",,,numeric,loop,,,,,Y,Y,,,,"Loop ""product"" over a count from q_n_products"
LOOP_PRODUCT_ITEM_1,"Loop ""product"" — item 1",,,text,loop,,,,,Y,Y,,,,"Loop ""product"" over a count from q_n_products"
LOOP_PRODUCT_ITEM_1_CODE,"Loop ""product"" — item 1 code",,,text,loop,,,,,Y,Y,,,,"Loop ""product"" over a count from q_n_products"
LOOP_PRODUCT_ITEM_2,"Loop ""product"" — item 2",,,text,loop,,,,,Y,Y,,,,"Loop ""product"" over a count from q_n_products"
LOOP_PRODUCT_ITEM_2_CODE,"Loop ""product"" — item 2 code",,,text,loop,,,,,Y,Y,,,,"Loop ""product"" over a count from q_n_products"
LOOP_PRODUCT_ITEM_3,"Loop ""product"" — item 3",,,text,loop,,,,,Y,Y,,,,"Loop ""product"" over a count from q_n_products"
LOOP_PRODUCT_ITEM_3_CODE,"Loop ""product"" — item 3 code",,,text,loop,,,,,Y,Y,,,,"Loop ""product"" over a count from q_n_products"
LOOP_PRODUCT_ITEM_4,"Loop ""product"" — item 4",,,text,loop,,,,,Y,Y,,,,"Loop ""product"" over a count from q_n_products"
LOOP_PRODUCT_ITEM_4_CODE,"Loop ""product"" — item 4 code",,,text,loop,,,,,Y,Y,,,,"Loop ""product"" over a count from q_n_products"
LOOP_PRODUCT_ITEM_5,"Loop ""product"" — item 5",,,text,loop,,,,,Y,Y,,,,"Loop ""product"" over a count from q_n_products"
LOOP_PRODUCT_ITEM_5_CODE,"Loop ""product"" — item 5 code",,,text,loop,,,,,Y,Y,,,,"Loop ""product"" over a count from q_n_products"
LOOP_TASK_COUNT,"Loop ""task"" — number of iterations",,,numeric,loop,,,,,Y,Y,,,,"Loop ""task"" over design file design_custom_statements"
LOOP_TASK_ITEM_1,"Loop ""task"" — item 1",,,text,loop,,,,,Y,Y,,,,"Loop ""task"" over design file design_custom_statements"
LOOP_TASK_ITEM_1_CODE,"Loop ""task"" — item 1 code",,,text,loop,"1,2,3,4,5,6",1=Task 1; 2=Task 2; 3=Task 3; 4=Task 4; 5=Task 5; 6=Task 6,,,Y,Y,,,,"Loop ""task"" over design file design_custom_statements"
LOOP_TASK_ITEM_1_STATEMENT,"Loop ""task"" — item 1 Statement",,,text,loop,,,,,Y,Y,,,,"Reference column ""Statement"" (text) of loop ""task"" — belongs to this loop only"
LOOP_TASK_ITEM_1_COMPONENT,"Loop ""task"" — item 1 Component",,,text,loop,,,,,Y,Y,,,,"Reference column ""Component"" (text) of loop ""task"" — belongs to this loop only"
LOOP_TASK_ITEM_1_LEVEL,"Loop ""task"" — item 1 Level",,,numeric,loop,,,,,Y,Y,,,,"Reference column ""Level"" (number) of loop ""task"" — belongs to this loop only"
LOOP_TASK_ITEM_2,"Loop ""task"" — item 2",,,text,loop,,,,,Y,Y,,,,"Loop ""task"" over design file design_custom_statements"
LOOP_TASK_ITEM_2_CODE,"Loop ""task"" — item 2 code",,,text,loop,"1,2,3,4,5,6",1=Task 1; 2=Task 2; 3=Task 3; 4=Task 4; 5=Task 5; 6=Task 6,,,Y,Y,,,,"Loop ""task"" over design file design_custom_statements"
LOOP_TASK_ITEM_2_STATEMENT,"Loop ""task"" — item 2 Statement",,,text,loop,,,,,Y,Y,,,,"Reference column ""Statement"" (text) of loop ""task"" — belongs to this loop only"
LOOP_TASK_ITEM_2_COMPONENT,"Loop ""task"" — item 2 Component",,,text,loop,,,,,Y,Y,,,,"Reference column ""Component"" (text) of loop ""task"" — belongs to this loop only"
LOOP_TASK_ITEM_2_LEVEL,"Loop ""task"" — item 2 Level",,,numeric,loop,,,,,Y,Y,,,,"Reference column ""Level"" (number) of loop ""task"" — belongs to this loop only"
LOOP_TASK_ITEM_3,"Loop ""task"" — item 3",,,text,loop,,,,,Y,Y,,,,"Loop ""task"" over design file design_custom_statements"
LOOP_TASK_ITEM_3_CODE,"Loop ""task"" — item 3 code",,,text,loop,"1,2,3,4,5,6",1=Task 1; 2=Task 2; 3=Task 3; 4=Task 4; 5=Task 5; 6=Task 6,,,Y,Y,,,,"Loop ""task"" over design file design_custom_statements"
LOOP_TASK_ITEM_3_STATEMENT,"Loop ""task"" — item 3 Statement",,,text,loop,,,,,Y,Y,,,,"Reference column ""Statement"" (text) of loop ""task"" — belongs to this loop only"
LOOP_TASK_ITEM_3_COMPONENT,"Loop ""task"" — item 3 Component",,,text,loop,,,,,Y,Y,,,,"Reference column ""Component"" (text) of loop ""task"" — belongs to this loop only"
LOOP_TASK_ITEM_3_LEVEL,"Loop ""task"" — item 3 Level",,,numeric,loop,,,,,Y,Y,,,,"Reference column ""Level"" (number) of loop ""task"" — belongs to this loop only"
RESP_ID,Respondent ID,,,text,system,,,,,,Y,,,,
SESSION_ID,Session ID,,,text,system,,,,,,Y,,,,
SURVEY_VERSION,Survey version,,,text,system,,,,,,Y,,,,
START_TIME,Start time,,,text,system,,,,,,Y,,,,
END_TIME,End time,,,text,system,,,,,,Y,,,,
STATUS,Completion status,,,text,system,,,,,,Y,,,,
